"appendix","section","field","chars"
"appendix-I-i","section-I","content","20865"
"appendix-I-i","section-I","footnotes","25602"
"appendix-I-i","section-II","content","24922"
"appendix-I-i","section-II","footnotes","25862"
"appendix-II-i","section-I","content","33524"
"appendix-II-i","section-I","footnotes","33329"
"appendix-II-i","section-I","symbolism.1.image","133"
"appendix-II-i","section-I","symbolism.2.image","169"
"appendix-II-i","section-I","symbolism.3.image","203"
"appendix-II-i","section-I","symbolism.4.image","203"
"appendix-II-i","section-I","symbolism.5.image","200"
"appendix-II-i","section-I","symbolism.6.image","219"
"appendix-II-i","section-I","symbolism.7.image","234"
"appendix-II-i","section-I","symbolism.8.image","218"
"appendix-II-i","section-I","symbolism.9.image","185"
"appendix-II-i","section-I","symbolism.10.image","233"
"appendix-II-i","section-I","symbolism.11.image","294"
"appendix-II-i","section-I","symbolism.12.image","277"
"appendix-II-i","section-I","symbolism.13.image","153"
"appendix-II-i","section-I","symbolism.14.image","226"
"appendix-II-i","section-I","symbolism.15.image","317"
"appendix-II-i","section-I","symbolism.16.image","318"
"appendix-II-i","section-I","symbolism.17.image","205"
"appendix-II-i","section-I","symbolism.18.image","176"
"appendix-II-i","section-I","symbolism.19.image","233"
"appendix-II-i","section-I","symbolism.20.image","245"
"appendix-II-i","section-I","symbolism.21.image","177"
"appendix-II-i","section-I","symbolism.22.image","257"
"appendix-II-i","section-I","symbolism.23.image","241"
"appendix-II-i","section-I","symbolism.24.image","357"
"appendix-II-i","section-I","symbolism.25.image","253"
"appendix-II-i","section-I","symbolism.26.image","253"
"appendix-II-i","section-I","symbolism.27.image","214"
"appendix-II-i","section-I","symbolism.28.image","217"
"appendix-II-i","section-I","symbolism.29.image","247"
"appendix-II-i","section-I","symbolism.30.image","204"
"appendix-II-i","section-II","content","36006"
"appendix-II-i","section-II","footnotes","36526"
"appendix-II-i","section-II","symbolism.31.image","227"
"appendix-II-i","section-II","symbolism.32.image","166"
"appendix-II-i","section-II","symbolism.33.image","222"
"appendix-II-i","section-II","symbolism.34.image","179"
"appendix-II-i","section-II","symbolism.35.image","191"
"appendix-II-i","section-II","symbolism.36.image","223"
"appendix-II-i","section-II","symbolism.37.image","234"
"appendix-II-i","section-II","symbolism.38.image","195"
"appendix-II-i","section-II","symbolism.39.image","184"
"appendix-II-i","section-II","symbolism.40.image","204"
"appendix-II-i","section-II","symbolism.41.image","183"
"appendix-II-i","section-II","symbolism.42.image","198"
"appendix-II-i","section-II","symbolism.43.image","239"
"appendix-II-i","section-II","symbolism.44.image","214"
"appendix-II-i","section-II","symbolism.45.image","233"
"appendix-II-i","section-II","symbolism.46.image","260"
"appendix-II-i","section-II","symbolism.47.image","248"
"appendix-II-i","section-II","symbolism.48.image","178"
"appendix-II-i","section-II","symbolism.49.image","221"
"appendix-II-i","section-II","symbolism.50.image","196"
"appendix-II-i","section-II","symbolism.51.image","186"
"appendix-II-i","section-II","symbolism.52.image","192"
"appendix-II-i","section-II","symbolism.53.image","213"
"appendix-II-i","section-II","symbolism.54.image","229"
"appendix-II-i","section-II","symbolism.55.image","186"
"appendix-II-i","section-II","symbolism.56.image","214"
"appendix-II-i","section-II","symbolism.57.image","172"
"appendix-II-i","section-II","symbolism.58.image","210"
"appendix-II-i","section-II","symbolism.59.image","193"
"appendix-II-i","section-II","symbolism.60.image","218"
"appendix-II-i","section-II","symbolism.61.image","208"
"appendix-II-i","section-II","symbolism.62.image","232"
"appendix-II-i","section-II","symbolism.63.image","180"
"appendix-II-i","section-II","symbolism.64.image","227"
"appendix-III","section-I","content","28821"
"appendix-III","section-I","footnotes","31461"
"appendix-III","section-II","content","26669"
"appendix-III","section-II","footnotes","24334"
"appendix-IV-i","section-I-KHIEN","content","9881"
"appendix-IV-i","section-I-KHIEN","footnotes","12305"
"appendix-IV-i","section-II-KHWĂN-I","content","3349"
"appendix-IV-i","section-II-KHWĂN-I","footnotes","407"
"appendix-V","main","content","10341"
"appendix-V","main","footnotes","9801"
"appendix-VI-i","section-I","content","3721"
"appendix-VI-i","section-I","footnotes","2715"
"appendix-VI-i","section-II","content","4796"
"appendix-VI-i","section-II","footnotes","117"
"appendix-VII","main","content","2943"