campo,contenido_txt
hex,1
image,"Heaven, in its motion, (gives the idea of) strength. The superior man, in accordance with this, nerves himself to ceaseless activity."
L1,‘The dragon lies hid in the deep;—it is not the time for active doing:'—(this appears from) the strong and undivided line's being in the lowest place.
L2,‘The dragon appears in the field:'—the diffusion of virtuous influence has been wide.
L3,‘Active and vigilant all the day:'—(this refers to) the treading of the (proper) path over and over again.
L4,"‘He seems to be leaping up, but is still in the deep:'—if he advance, there will be no error."
L5,‘The dragon is on the wing in the sky:'—the great man rouses himself to his work.
L6,"‘The dragon exceeds the proper limits;—there will be occasion for repentance:'—a state of fulness, that is, should not be indulged in long."
L7,"‘The same line (undivided) is used' (in all the places of this hexagram), but the attribute of heaven (thereby denoted) should not (always) take the foremost place."
hex_fin,
hex,2
image,"The (capacity and sustaining) power of the earth is what is denoted by Khwăn. The superior man, in accordance with this, with his large virtue supports (men and) things."
L1,"‘He is treading on hoarfrost;—the strong ice will come (by and by):'—the cold (air) has begun to take form. Allow it to go on quietly according to its nature, and (the hoarfrost) will come to strong ice."
L2,"The movement indicated by the second six, (divided),is ‘from the straight (line) to the square.' ‘(Its operation), without repeated effort, in every way advantageous,' shows the brilliant result of the way of earth."
L3,"‘He keeps his excellence tinder restraint, but firmly maintains it:'—at the proper time he will manifest it. ‘He may have occasion to engage in the king's service:—great is the glory of his wisdom."
L4,"‘A sack tied up;—there will be no error:'—this shows how, through carefulness, no injury will be received."
L5,‘The Yellow lower-garment;—there will be great good fortune:'—this follows from that ornamental (colour's) being in the right and central place.
L6,‘The dragons fight in the wild:—the (onward) course (indicated by Khwăn) is pursued to extremity.
L7,"‘(The lines are all weak and divided, as appears from) the use of the number line:—but (those who are thus represented) becoming perpetually correct and firm, there will thereby be a great consummation."
hex_fin,
hex,3
image,"(The trigram representing) clouds and (that representing) thunder form Kun. The superior man, in accordance with this, (adjusts his measures of government) as in sorting the threads of the warp and woof."
L1,"Although ‘there is a difficulty in advancing,' the mind (of the subject of the line) is set on doing what is correct. While noble, he humbles himself to the mean, and grandly gains the people."
L2,"The difficulty (to the subject of) the second six, (divided), arises from, its place over the undivided line below it. ‘The union and children after ten years' shows things resuming their regular course."
L3,"‘One pursues the deer without the (guidance of the) forester:'—(he does so) in (his eagerness to) follow the game. ‘The superior man gives up the chase, (knowing that) if he go forward he will regret it:'—he would be reduced to extremity."
L4,‘Going forward after such a search (for a helper)' shows intelligence.
L5,‘Difficulty is experienced (by the subject of the fifth line) in bestowing his rich favours:'—the extent to which they reach will not yet be conspicuous.
L6,‘He weeps tears of blood in streams:'—how can the state (thus emblemed) continue long?
hex_fin,
hex,4
image,"(The trigram representing) a mountain, and beneath it that for a spring issuing forth form Măng. The superior man, in accordance with this, strives to be resolute in his conduct and nourishes his virtue."
L1,‘It will be advantageous to use punishment:'—the object being to bring under the influence of correcting law.
L2,‘A son able to (sustain the burden of) his family:'—as appears from the reciprocation between this strong line and the weak (fifth line).
L3,‘A woman (such as is here represented) should not be taken in marriage:'—her conduct is not agreeable to what is right.
L4,‘The regret arising from ignorance bound in chains' is due to the special distance of (the subject of this line) from the solidity (shown in lines 2 and 6).
L5,‘The good fortune belonging to the simple lad without experience' comes from his docility going on to humility.
L6,"‘Advantage will come from warding off injury:'—(the subject of this line) above and (the ignorant) below, all do and are done to in accordance with their nature."
hex_fin,
hex,5
image,"(The trigram for) clouds ascending over that for the sky forms Hsü. The superior man, in accordance with this, eats and drinks, feasts and enjoys himself (as if there were nothing else to employ him)."
L1,"‘He is waiting in the (distant) border:'—he makes no movement to encounter rashly the difficulties (of the situation). ‘It will be advantageous for him constantly to maintain (the purpose thus shown), in which case there will be no error:'—he will not fail to pursue that regular course."
L2,"‘He is waiting on the sand:'—he occupies his position in the centre with a generous forbearance. Though ‘he suffer the small injury of being spoken (against),' he will bring things to a good issue."
L3,"‘He is waiting in the mud:'—calamity is (close at hand, and as it were) in the outer (trigram). ‘He himself invites the approach of injury:'—if he be reverent and careful, he will not be worsted."
L4,"‘He is waiting in (the place of) blood:'—he accommodates himself (to the circumstances of the time), and hearkens to (its requirements)."
L5,"‘The appliances of a feast, and the good fortune through being firm and correct,' are indicated by (the position in) the central and correct place."
L6,"‘Guests come unurged (to give their help), and if (the subject of the line) receive them respectfully, there will be good fortune in the end:'—though the occupant and the place are not suited to each other, there has been no great failure (in what has been done)."
hex_fin,
hex,6
image,"(The trigram representing) heaven and (that representing) water, moving away from each other, form Sung. The superior man, in accordance with this, in the transaction of affairs takes good counsel about his first steps."
L1,"‘He does not perpetuate the matter about which (the contention is):'—contention should not be prolonged. Although ‘he may suffer the small (injury) of being spoken against,' his argument is clear."
L2,"‘He is unequal to the contention; he retires and keeps concealed, stealthily withdrawing from it:'—for him from his lower place to contend with (the stronger one) above, would be to (invite) calamity, as if he brought it with his hand to himself."
L3,"‘He confines himself to the support assigned to him of old:'—(thus) following those above him, he will have good fortune."
L4,"‘He returns to (the study of Heaven's) ordinances, changes (his wish to contend), and rests in being firm and correct:'—he does not fail (in doing what is right)."
L5,‘He contends;—and ‘with great fortune:—this is shown by his holding the due mean and being in the correct place.
L6,‘He receives the robe through his contention:'—but still be is not deserving of respect.
hex_fin,
hex,7
image,"(The trigram representing) the earth and in the midst of it that representing water, form Sze. The superior man, in accordance with this, nourishes and educates the people, and collects (from among them) the multitudes (of the hosts)."
L1,"‘The host goes forth according to the rules (for) such a movement:'—if those rules be not observed, there will be evil."
L2,"‘He is in the midst of the host, and there will be good fortune:'—he has received the favour of Heaven. ‘The king has thrice conveyed to him the orders (of) his favour:'—(the king) cherishes the myriad regions in his heart."
L3,‘The host with the possibility of its having many idle leaders:'—great will be its want of success.
L4,‘The host is in retreat; but there is no error:'—there has been no failure in the regular course.
L5,‘The oldest son leads the host:'—its movements are directed by him in accordance with his position in the centre. ‘Younger men idly occupy their positions:'—the employment of such men is improper.
L6,‘The great ruler delivers his charges:'—thereby he rightly apportions merit. 'small men should not be employed:'—they are sure to throw the states into confusion.
hex_fin,
hex,8
image,"(The trigram representing) the earth, and over it (that representing) water, form Pî. The ancient kings, in accordance with this, established the various states and maintained an affectionate relation to their princes."
L1,"From ‘the seeking union with its object' shown in the first line, (divided),there will be other advantages."
L2,‘The movement towards union and attachment proceeds from the inward (mind):'—(the party concerned) does not fail in what is proper to himself
L3,‘Union is sought with such as ought not to be associated with:'—but will not injury be the result?
L4,"‘Union is sought (by the party intended here) with one beyond himself, and (in this case) with a worthy object:'—he is following (the ruler) above him."
L5,"‘The good fortune belonging to the most illustrious instance of seeking union and attachment' appears in the correct and central position (of the fifth line, undivided)."
L6,‘He seeks union and attachment without taking the first (step to such an end):'—there is no possibility of a (good) issue.
hex_fin,
hex,9
image,"(The trigram representing) the sky, and that representing wind moving above it, form Hsiâo Khû The superior man, in accordance with this, adorns the outward manifestation of his virtue."
L1,‘He returns and pursues his own path:'—it is right that there should be good fortune.
L2,"‘By the attraction (of the subject of the former line) he returns (to its own course),' and is in the central place:—neither will he err in what is due from him."
L3,‘Husband and wife look on each other with averted eyes:'—(the subject of line three is like a husband who) cannot maintain correctly his relations with his wife.
L4,‘He is possessed of sincerity; his (ground for) apprehension is dismissed:'—(the subjects of the lines) above agree in aim with him.
L5,"‘He is possessed of sincerity, and draws others to unite with him:'—he does not use only his own rich resources."
L6,"‘The rain has fallen and (the onward progress) is stayed:'—the power (denoted in the figure) has accumulated to the full. ‘If the superior man prosecute his measures, there will be evil:'—he will find himself obstructed."
hex_fin,
hex,10
image,"(The trigram representing) the sky above, and below it (that representing the waters of) a marsh, form Lî. The superior man, in accordance with this, discriminates between high and low, and gives settlement to the aims of the people."
L1,‘He treads his accustomed path and goes forward:'—singly and exclusively he carries out his (long-cherished) wishes.
L2,"‘A quiet and solitary man, to whom, being firm and correct, there will be good fortune:'—holding the due mean, he will not allow himself to be thrown into disorder."
L3,‘A one-eyed man (who thinks that he) can see:'—he is not fit to see clearly. ‘A lame man (who thinks that he can) tread well:'—one cannot walk along with him. ‘The ill fortune of being bitten' arises from the place not being the proper one for him. ‘A (mere) bravo acting the part of a great ruler:'—this is owing to his aims being (too) violent.
L4,"‘He becomes full of apprehensive caution, and in the end there will be good fortune:'—his aim takes effect."
L5,"‘He treads resolutely; and though he be firm and correct, there is peril:'—this is due to his being in the position that is correct and appropriate to him."
L6,"‘There will be great good fortune,' and that in the occupancy of the topmost line:—this is great matter for congratulation."
hex_fin,
hex,11
image,"(The trigrams for) heaven and earth in communication together form Thâi. The (sage) sovereign, in harmony with this, fashions and completes (his regulations) after the courses of heaven and earth, and assists the application of the adaptations furnished by them,—in order to benefit the people."
L1,"‘The good fortune of advance, (as suggested by the emblem of) the grass pulled up,' arises from the will (of the party intended) being set on what is external to himself."
L2,"‘He bears with the uncultivated, and proves himself acting in accordance with the due mean:'—for (his intelligence is) bright and (his capacity is) great."
L3,‘There is no going away so that there shall not be a return' refers to this as the point where the interaction of heaven and earth takes place.
L4,"‘He comes fluttering (down), not relying on his own rich resources:'—both he and his neighbours are out of their real (place where they are). ‘They have not received warning, but (come) in the sincerity (of their hearts):'—this is what they have desired in the core of their hearts."
L5,"‘By such a course there is happiness, and there will be great good fortune:'—(the subject of the line) employs the virtue proper to his central position to carry his wishes into effect."
L6,‘The city wall returned back into the moat' shows how the (governmental) orders have (long) been in disorder.
hex_fin,
hex,12
image,"(The trigrams of) heaven and earth, not in intercommunication, form Phî. The superior man, in accordance with this, restrains (the manifestation) of) his virtue, and avoids the calamities (that threaten him). There is no opportunity of conferring on him the glory of emolument."
L1,"‘The good fortune through firm goodness, (suggested by) the pulling up of the grass,' arises from the will (of the parties intended) being bent on (serving) the ruler."
L2,"‘The great man, comporting himself as the distress and obstruction require, will have success:—‘he does not allow himself to be disordered by the herd (of small men)."
L3,That ‘his shame is folded in his breast' is owing to the inappropriateness of his position.
L4,"‘He acts in accordance with the ordination (of Heaven), and commits no error:'—the purpose of his mind can be carried into effect."
L5,The good fortune of the great man' arises from the correctness of his position.
L6,"‘The distress and obstruction having reached its end, it is overthrown and removed:'—how could it be prolonged?"
hex_fin,
hex,13
image,"(The trigrams for) heaven and fire form Thung Zăn. The superior man, in accordance with this), distinguishes things according to their kinds and classes."
L1,‘(The representative of) the union of men is just issuing from his gate:'—who will blame him?
L2,‘(The representative of) the union of men appears in relation with his kindred:'—that is the path to regret.
L3,‘He hides his arms in the thick grass:'—because of the strength of his opponent. ‘For three years he makes no demonstration:'—how can he do anything?
L4,"‘He is mounted on his city-wall;' but yielding to the right, ‘he does not proceed to make the attack (he contemplated).' (Where it is said),‘There will be good fortune,' (that shows how) he feels the strait he is in, and returns to the rule of law."
L5,The first action of (the representative of) the union of men (here described) arises from his central position and straightforward character. ‘The meeting secured by his great host' intimates that the opponents of it have been overcome.
L6,‘(The representative of) the union of men appears in the suburbs:'—his object has not yet been attained.
hex_fin,
hex,14
image,"(The trigram for) heaven and (that of) fire above it form Tâ Yû The superior man, in accordance with this, represses what is evil and gives distinction to what is good, in sympathy with the excellent Heaven-conferred (nature)."
L1,"This first line, (undivided),of Tâ Yû shows no approach to what is injurious."
L2,"‘A large waggon with its load' refers to the (virtue) accumulated (in the subject of the line), so that he will suffer no loss (in the conduct of affairs)."
L3,‘A feudal prince presents his offerings to the son of Heaven:'—a small man (in such a position) does (himself) harm.
L4,‘He keeps his great resources under restraint:'—his wisdom discriminates clearly (what he ought to do).
L5,"‘His sincerity is reciprocated by all the others:'—his sincerity serves to stir and call out what is in their minds. ‘The good fortune springing from a display of proper majesty' shows how they might (otherwise) feel too easy, and make no preparation (to serve him)."
L6,‘The good fortune attached to the topmost line of Tâ Yû' arises from the help of Heaven.
hex_fin,
hex,15
image,"(The trigram for) the earth and (that of) a mountain in the midst of it form Khien. The superior man, in accordance with this, diminishes what is excessive (in himself), and increases where there is any defect, bringing about an equality, according to the nature of the case, in his treatment (of himself and others)."
L1,‘The superior man who adds humility to humility' is one who nourishes his (virtue) in lowliness.
L2,"‘The good fortune consequent on being firm and correct, where the humility has made itself recognised, is owing to the possessor's having (the virtue) in the core of his heart."
L3,"‘The superior man of (acknowledged) merit, and yet humble:'—the myriads of the people will submit to him."
L4,"‘One, whose action would be in every way advantageous, stirs up his humility the more:'(but in doing so) he does not act contrary to the (proper) rule."
L5,"‘He may advantageously use the force of arms:'—correcting, that is, those who do not submit."
L6,"‘His humility has made itself recognised:'—(but) all his aims have not yet been attained. He may employ the force of arms, (but only) in correcting (his own) towns and state.'"
hex_fin,
hex,16
image,"(The trigrams for) the earth and thunder issuing from it with its crashing noise form Yü. The ancient kings, in accordance with this, composed their music and did honour to virtue, presenting it especially and most grandly to God, when they associated with Him (at the service) their highest ancestor and their father."
L1,‘The (subject of the) first six proclaims his pleasure and satisfaction:'—there will be evil; his wishes have been satisfied to overflowing.
L2,‘(He sees a thing) without waiting till it has come to pass; with his firm correctness there will be good fortune:'—this is shown by the central and correct position (of the line).
L3,"‘He looks up (for favours), while he indulges the feeling of satisfaction; there will be occasion for repentance:'—this is intimated by the position not being the appropriate one."
L4,‘From him the harmony and satisfaction come; great is the success which he obtains:'—his aims take effect on a grand scale.
L5,"‘(The subject of) the fifth six has a chronic complaint:'—this is shown by his being mounted on the strong (line). ‘He still lives on without dying:'—he is in the central position, (and its memories of the past) have not yet perished."
L6,"‘With darkened mind devoted to the harmony and satisfaction (of the time),' as shown in the topmost (line):—how can one in such a condition continue long?"
hex_fin,
hex,17
image,"(The trigram for the waters of) a marsh and (that for) thunder (hidden) in the midst of it form Sui. The superior man in accordance with this, when it is getting towards dark, enters (his house) and rests."
L1,"‘He is changing the object of his pursuit:'—but if he follow what is correct, there will be good fortune. ‘He goes beyond (his own) gate to find associates:'—he will not fail (in the method he pursues)."
L2,‘He cleaves to the little boy:'—he cannot be with the two at the same time.
L3,"‘He cleaves to the man of age and experience:'—by the decision of his will, he abandons (the youth) below."
L4,"‘He is followed and obtains adherents:'—according to the idea (of the hexagram), this is evil. ‘He is sincere in his course:'—showing his intelligence, and leading to achievement."
L5,‘He is sincere in fostering what is excellent:'—his position is correct and in the centre.
L6,"‘The sincerity is firmly held and clung to, as shown in the topmost line:'—(the idea of the hexagram) has reached its extreme development."
hex_fin,
hex,18
image,"(The trigram for) a mountain, and below it that for wind, form Kû. The superior man, in accordance with this, (addresses himself to) help the people and nourish his own virtue."
L1,‘He deals with the troubles caused by his father:'—he feels that he has entered into the work of his father.
L2,‘He deals with the troubles caused by his mother:'—he holds to the course of the due mean.
L3,‘He deals with the troubles caused by his father:'—in the end there will be no error.
L4,"‘He views indulgently the troubles caused by his father:'—if he go forward, he will not succeed."
L5,"‘He deals with the troubles caused by his father, and obtains praise:'—he is responded to (by the subject of line two) with all his virtue."
L6,‘He does not serve either king or feudal lord:'—but his aim may be a model (to others).
hex_fin,
hex,19
image,"(The trigram for) the waters of a marsh and that for the earth above it form Lin. The superior man, in accordance with this, has his purposes of instruction that are inexhaustible, and nourishes and supports the people without limit."
L1,‘The good fortune through the firm correctness of (the subject of the first line) advancing in company (with the subject of the second)' is due to his will being set on doing what is right.
L2,"‘The good fortune and every possible advantage attending the advance (of the subject of the second line), in company (with the subject of the first),' arises from the fact that those (to whom the advance is made) are not yet obedient to the ordinances (of Heaven)."
L3,"‘He (shows himself) well pleased to advance:'—his position is not that appropriate to him. ‘If he become anxious, however, about his action,' his error will not be continued."
L4,‘The freedom from error consequent on the
L5,‘What befits the great ruler' means the pursuing the course of the due mean.
L6,‘The good fortune consequent on the advance of honesty and generosity' is due to the will (of the subject of the line) being set on the subjects of (the first two lines of) the inner (trigram).
hex_fin,
hex,20
image,"(The trigram representing) the earth, and that for wind moving above it, form Kwan. The ancient kings, in accordance with this, examined the (different) regions (of the kingdom), to see the (ways of the) people, and set forth their instructions."
L1,"‘The looking of a lad shown by the first six, (divided); indicates the way of the inferior people."
L2,"‘The firm correctness of a woman, in peeping out from a door' is also a thing to be ashamed of (in a superior man)."
L3,"‘He looks at (the course of his own life, to advance or recede (accordingly):'—he will not err in the path (to be pursued)."
L4,‘He contemplates the glory of the kingdom:'(thence) arises the wish to be a guest (at court).
L5,‘He contemplates his own life(-course):'—he should (for this purpose) contemplate (the condition of) the people.
L6,‘He contemplates his own character:'—he cannot even yet let his mind be at rest.
hex_fin,
hex,21
image,"(The trigrams representing) thunder and lightning form Shih Ho. The ancient kings, in accordance with this, framed their penalties with intelligence, and promulgated their laws."
L1,"‘His feet are in the stocks, and he is deprived of his toes:'—there is no walking (to do evil)."
L2,"‘He bites through the soft flesh, and (goes on) to bite off the nose:'—(the subject of the line) is mounted on the strong (first line)."
L3,‘He meets with what is disagreeable and hurtful:'—his position is not the proper one for him.
L4,"‘It will be advantageous to him to realise the difficulty of his task and be firm, in which case there will be good fortune:'—his light has not yet been sufficiently displayed."
L5,"‘Let him be firm and correct, realising the peril (of his position), and there will be no error:'—he will possess every quality appropriate (to his position and task)."
L6,"‘He wears the cangue and is deprived of his ears:'—he hears, but will not understand."
hex_fin,
hex,22
image,"(The trigram representing) a mountain and that for fire under it form Pî. The superior man, in accordance with this, throws a brilliancy around his various processes of government, but does not dare (in a similar way) to decide cases of criminal litigation."
L1,‘He can discard a carriage and walk on foot:'—righteousness requires that he should not ride.
L2,‘He adorns his beard:'—he rouses himself to action (only) along with the (subject of the) line above.
L3,"‘The good fortune consequent on his ever maintaining firm correctness' is due to this,—that to the end no one will insult him."
L4,"‘The place occupied by the fourth six, (divided),' affords ground for doubt (as to its subject); but ‘(as the subject of the third pursues) not as a robber, but as intent on a matrimonial alliance,' he will in the end have no grudge against him."
L5,"‘The good fortune falling to the fifth six, (divided); affords occasion for joy."
L6,"‘The freedom from error attached to (the subject of) the topmost line, with no ornament but the (simple white),' shows how he has attained his aim."
hex_fin,
hex,23
image,"(The trigrams representing) the earth, and (above it) that for a mountain, which adheres to the earth, form Po. Superiors, in accordance with this, seek to strengthen those below them, to secure the peace and stability of their own position."
L1,‘He overthrows the couch by injuring its legs:'—thus (he commences) his work of ruin with what is lowest (in the superior man).
L2,‘He destroys the couch by injuring its frame:'—(the superior man) has as yet no associates.
L3,That ‘there will be no error on the part of this one among the overthrowers' arises from the difference between him and the others above and below.
L4,"‘He has overthrown the couch, and (proceeds to injure) the skin (of him who lies on it):'—calamity is very near at hand."
L5,‘He obtains for them the favour that lights on the inmates of the palace:'—in the end there will be no grudge against him.
L6,‘The superior man finds himself in a carriage:'—he is carried along by the people. ‘The small men (by their course) overthrow their own dwellings:'—they can. never again be of use to them.
hex_fin,
hex,24
image,"(The trigram representing) the earth and that for thunder in the midst of it form Fû. The ancient kings, in accordance with this, on the day. of the (winter) solstice, shut the gates of the passes (from one state to another), so that the travelling merchants could not (then) pursue their journeys, nor the princes go on with the inspection of their states."
L1,‘Returning (from an error) of no great extent' is the prelude to the cultivation of the person.
L2,‘The good fortune attendant on the admirable return (of the subject of the second line)' is due to his condescension to the virtuous (subject of the line) below.
L3,"Notwithstanding ‘the perilous position of him who has made many returns,' there will be no error through (his aiming after righteousness)."
L4,"‘He moves right in the centre (among those represented by the other divided lines), and yet returns alone:'—his object is to pursue the (proper) path."
L5,"‘The noble return, giving no ground for repentance,' is due to (the subject of the line) striving to perfect himself in accordance with his central position."
L6,‘The evil consequent on being all astray on the subject of returning' is because the course pursued is contrary to the proper course for a ruler.
hex_fin,
hex,25
image,"The thunder rolls all under the sky, and to (every)thing there is given (its nature), free from all insincerity. The ancient kings, in accordance with this, (made their regulations) in complete accordance with the seasons, thereby nourishing all things."
L1,"When ‘he who is free from insincerity makes any movement,' he will get what he desires."
L2,‘He reaps without having ploughed:'—(the thought of) riches to be got had not risen (in his mind).
L3,‘The passer-by gets the ox:'—this proves a calamity to the people of the neighbourhood.
L4,‘If he can remain firm and correct there will be no error:'—he firmly holds fast (his correctness).
L5,‘Medicine in the case of one who is free from insincerity!‘—it should not be tried (at all).
L6,‘The action (in this case) of one who is free from insincerity' will occasion the calamity arising from action (when the time for it is) exhausted.
hex_fin,
hex,26
image,"(The trigram representing) a mountain, and in the midst of it that (representing) heaven, form Tâ Khû. The superior man, in accordance with this, stores largely in his memory the words and deeds of former men, to subserve the accumulation of his virtue."
L1,‘He is in a position of peril; it will be advantageous for him to stop his advance:'—he should not rashly expose himself to calamity.
L2,"‘(He is as) a carriage from which the strap under it has been removed:'—being in the central position, he will incur no blame."
L3,‘There will be advantage in whatever direction he may advance:'—(the subject of) the topmost line is of the same mind with him.
L4,"‘The great good fortune indicated by the fourth six, (divided),' shows that there is occasion for joy."
L5,"‘The good fortune indicated by the fifth six, (divided),' shows that there is occasion for congratulation."
L6,‘In command of the firmament of heaven:'—the way is grandly open for movement.
hex_fin,
hex,27
image,"(The trigram representing) a mountain and under it that for thunder form Î. The superior man, in accordance with this, (enjoins) watchfulness over our words, and the temperate regulation of our eating and drinking."
L1,‘You look at me till your (lower) jaw hangs down:'—(the subject of the line) is thus shown unfit to be thought noble.
L2,"‘The evil of advance by the subject of the second line, (divided),' is owing to his leaving in his movements his proper associates."
L3,‘For ten years let him not take any action:'—his course is greatly opposed (to what is right).
L4,"‘The good fortune attached to looking downwards for (the power to) nourish,' shows how brilliant will be the diffusion (of that power) from (the subject of the line's) superior position."
L5,‘The good fortune from abiding in firmness' is due to the docility (of the subject of the line) in following (the subject of the line) above.
L6,"‘The good fortune, notwithstanding the peril of his position, of him from whom comes the nourishing,' affords great cause for congratulation."
hex_fin,
hex,28
image,"(The trigram representing) trees hidden beneath that for the waters of a marsh forms Tâ Kwo. The superior man, in accordance with this, stands up alone and has no fear, and keeps retired from the world without regret."
L1,"‘He places mats of the white mâo grass under things set on the ground:'—he feels his weakness and his being in the lowest place, (and uses extraordinary care)."
L2,‘An old husband and a young wife:'—such association is extraordinary.
L3,"‘The evil connected with the beam that is weak' arises from this, that no help can be given (to the condition thus represented)."
L4,"‘The good fortune connected with the beam curving upwards' arises from this, that it does not bend towards what is below."
L5,‘A decayed willow produces flowers:'—but how can this secure its long continuance? ‘An old wife and a young husband:'—this also is a thing to be ashamed of.
L6,‘Evil follows wading with (extraordinary) boldness (through the stream):'—but (the act) affords no ground for blame.
hex_fin,
hex,29
image,"(The representation of) water flowing on continuously forms the repeated Khan. The superior man, in accordance with this, maintains constantly the virtue (of his heart) and (the integrity of) his conduct, and practises the business of instruction."
L1,"‘In the double defile, he enters a cavern within it:'—he has missed his (proper) way, and there will be evil."
L2,‘He will get a little (of the deliverance) that he seeks:'—he will not yet escape from his environed position.
L3,"‘Whether he comes or goes, he is confronted by a defile:'—he will never (in such circumstances) achieve any success."
L4,‘(Nothing but) a bottle of spirits and a subsidiary basket of rice:'—(these describe) the meeting at this point of (those who are represented by) the strong and weak lines.
L5,‘The water in the defile is not full (so as to flow away):'—(the virtue indicated by) the central situation is not yet (sufficiently) great.
L6,"‘The sixth line, divided, shows its subject missing his (proper) course:'—‘there will be evil for three years.'"
hex_fin,
hex,30
image,"(The trigram for) brightness, repeated, forms Lî. The great man, in accordance with this, cultivates more and more his brilliant (virtue), and diffuses its brightness over the four quarters (of the land)."
L1,‘The reverent attention directed to his confused steps' is the way by which error is avoided.
L2,‘The great good fortune (from the subject of the second line) occupying his place in yellow' is owing to his holding the course of the due mean.
L3,‘A position like that of the declining sun:'—how can it continue long?
L4,‘How abrupt is the manner of his coming!‘—none can bear with him.
L5,"‘The good fortune attached to the fifth line, divided,' is due to its occupying the place of a king or a prince."
L6,‘The king employs him in his punitive expeditions:'—the object is to bring the regions to a correct state.
hex_fin,
hex,31
image,"(The trigram representing) a mountain and above it that for (the waters of) a marsh form Hsien. The superior man, in accordance with this, keeps his mind free from pre-occupation, and open to receive (the influences of) others."
L1,‘He moves his great toe:'—his mind is set on what is beyond (himself).
L2,"Though ‘there would be evil; yet, if he abide (quiet) in his place, there will be good fortune:'—through compliance (with the circumstances of his condition and place) there will be no injury."
L3,‘He moves his thighs:'—he still does not (want to) rest in his place. His will is set on ‘following others:'—what he holds in his grasp is low.
L4,"‘Firm correctness will lead to good fortune, and prevent all occasion for repentance:'—there has not yet been any harm from (a selfish wish to) influence. ‘He is unsettled in his movements:'(his power to influence) is not yet either brilliant or great."
L5,‘He (tries to) move the flesh along the spine above the heart:'—his aim is trivial.
L6,‘He moves his jaws and tongue:'—he (only) talks with loquacious mouth.
hex_fin,
hex,32
image,"(The trigram representing) thunder and that for wind form Hăng. The superior man, in accordance with this, stands firm, and does not change his method (of operation)."
L1,‘The evil attached to the deep desire for long continuance (in the subject of the first line)' arises from the deep seeking for it at the commencement (of things).
L2,"‘All occasion for repentance on the part of the subject of the second line, (undivided,), disappears:'—he can abide long in the due mean."
L3,‘He does not continuously maintain his virtue:'—nowhere will he be borne with.
L4,"(Going) for long to what is not his proper place, how can he get game?"
L5,"'such firm correctness in a wife will be fortunate:'—it is hers to the end of life to follow with an unchanged mind. The husband must decide what is right, and lay down the rule accordingly:—for him to follow (like) a wife is evil."
L6,‘The subject of the topmost line is exciting himself to long continuance:'—far will he be from achieving merit.
hex_fin,
hex,33
image,"(The trigram representing) the sky and below it that for a mountain form Thun. The superior man, in accordance with this, keeps small men at a distance, not by showing that he hates them, but by his own. dignified gravity."
L1,"There is ‘the perilousness of the position shown by the retiring tail:'—but if ‘no movement' be made, what disaster can there be?"
L2,‘He holds it as; by (a thong from the hide of) a yellow ox:'—his purpose is firm.
L3,"‘The peril connected with the case of one retiring, though bound,' is due to the (consequent) distress and exhaustion. ‘If he were (to deal as in) nourishing a servant or concubine, it would be fortunate for him:'—but a great affair cannot be dealt with in this way."
L4,‘A superior man retires notwithstanding his likings; a small man cannot attain to this.'
L5,"‘He retires in an admirable way, and with firm correctness there will be good fortune:'—this is due to the rectitude of his purpose."
L6,"‘He retires in a noble way, and his doing so will be advantageous in every respect:'—he who does so has no doubts about his course."
hex_fin,
hex,34
image,"(The trigram representing) heaven and above it that for thunder form Tâ Kwang. The superior man, in accordance with this, does not take a step which is not according to propriety."
L1,‘He manifests his vigour in his toes:'—this will certainly lead to exhaustion.
L2,"‘The second line, (undivided), shows that with firm correctness there will be good fortune:'—this is due to its being in the centre, (and its subject exemplifying the due mean)."
L3,‘The small man uses all his strength; in the case of the superior man it is his rule not to do so.'
L4,‘The fence is opened and the horns are not entangled:'—(the subject of the line) still advances.
L5,‘He loses his ram and hardly perceives it:'—he is not in his appropriate place.
L6,"‘He is unable either to retreat or to advance:'—this is owing to his want of care. ‘If he realise the difficulty (of his position), there will be good fortune:'—his error will not be prolonged."
hex_fin,
hex,35
image,"(The trigram representing) the earth and that for the bright (sun) coming forth above it form Žin. The superior man, according to this, gives himself to make more brilliant his bright virtue."
L1,"‘He appears wishing to advance, but (at the same time) being kept back:'—all-alone he pursues the correct course. ‘Let him maintain a large and generous mind, and there will be no error:'—he has not yet received an official charge."
L2,‘He will receive this great blessing:'—for he is in the central place and the correct position for him.
L3,‘All (around) trust him:'—their (common) aim is to move upwards and act.
L4,"‘(He advances like) a marmot. However firm and correct he may be, his position is one of peril:'—his place is not that appropriate for him."
L5,‘Let him not concern himself whether he fails or succeeds:'—his movement in advance will afford ground for congratulation.
L6,‘He uses his horns only to punish (the rebellious people of) his city:'—his course of procedure is not yet brilliant.
hex_fin,
hex,36
image,"(The trigram representing) the earth and that for the bright (sun) entering within it form Ming Î. The superior man, in accordance with this, conducts his management of men;—he shows his intelligence by keeping it obscured."
L1,‘The superior man (is revolving his) going away:'—(in such a case) he feels it right not to eat.
L2,"‘The good fortune of (the subject of) the second line, divided,' is due to the proper fashion of his acting according to his circumstances."
L3,With the aim represented by ‘hunting in the south' a great achievement is accomplished.
L4,‘He has (just) entered into the left side of the belly (of the dark land):'—he is still able to carry out the idea in his (inner) mind.
L5,"‘With the firm correctness of the count of Kî,' his brightness could not be (quite) extinguished."
L6,‘He had at first ascended to (the top of) the sky:'—he might have enlightened the four quarters of the kingdom. ‘His future shall be to go into the earth:'—he has failed to fulfil the model (of a ruler).
hex_fin,
hex,37
image,"(The trigram representing) fire, and that for wind coming forth from it, form Kiâ Zăn. The superior man, in accordance with this, orders his words according to (the truth of) things, and his conduct so that it is uniformly consistent."
L1,"‘He establishes restrictive regulations in his household:—(he does so), before any change has taken place in their wills."
L2,"‘The good fortune attached to the second six, (divided),' is due to the docility (of its subject), operating with humility."
L3,"When ‘the members of the household are treated with stern severity,' there has been no (great) failure (in the regulation of the family). When ‘wife and children are smirking and chattering,' the (proper) economy of the family has been lost."
L4,"‘The family is enriched, and there is great good fortune:'—this is due to the docility (belonging to the subject of the line), and its being in its correct place."
L5,‘The influence of the king extends to his family:'—the intercourse between them is that of mutual love.
L6,‘The good fortune connected with the display of majesty' describes (the result of) the recovery of the true character.
hex_fin,
hex,38
image,"(The trigram representing) fire above, and that for (the waters of) a marsh below, form Khwei. The superior man, in accordance with this, where there is a general agreement, yet admits diversity."
L1,"‘He meets with bad men (and communicates with them):'—(he does so), to avoid the evil of their condemnation."
L2,‘He happens to meet with his lord in a bye-passage:'—but he has not deviated (for this meeting) from the (proper) course.
L3,‘We see his carriage dragged back:'—this is indicated by the inappropriateness of the position (of the line).
L4,"‘They blend their sincere desires together, and there will be no error:'—their (common) aim is carried into effect."
L5,‘With his hereditary minister (he unites closely and easily) as if he were biting through a piece of skin:'—his going forward will afford ground for congratulation.
L6,‘The good fortune symbolised by meeting with (genial) rain' springs from the passing away of all doubts.
hex_fin,
hex,39
image,"(The trigram representing) a mountain, and above it that for water, form Kien. The superior man, in accordance with this, turns round (and examines) himself, and cultivates his virtue."
L1,"‘Advancing will conduct to (greater) difficulties, while remaining stationary will afford ground for praise:'—the proper course is to wait."
L2,‘The minister of the king struggles with difficulty on difficulty:'—in the end no blame will be attached to him.
L3,"‘He advances, (but only) to (greater) difficulty; he remains stationary, and returns to his former associates:'—they, (represented in) the inner (trigram), rejoice in him."
L4,"‘To advance will (only be to) encounter (greater) difficulties; he remains stationary, and unites (with the subject of the line above):'—that is in its proper place and has the solidity (due to it in that position)."
L5,"‘He struggles with the greatest difficulties, while friends are coming (to help him):'—he is in the central position, and possesses the requisite virtue."
L6,"‘To advance will (only) increase the difficulties, while his remaining stationary will (be productive of) great (merit):'—his aim is to assist the (subject of the line) inside of him."
hex_fin,
hex,40
image,"(The trigram representing) thunder and that for rain, with these phenomena in a state of manifestation, form Kieh. The superior man, in accordance with this, forgives errors, and deals gently with crimes."
L1,The strong (fourth) line and the weak line here are in correlation:—we judge rightly in saying that ‘its subject will commit no error.'
L2,"‘The good fortune springing from the firm correctness of the second line, (undivided),' is due to its subject holding the due mean."
L3,"For ‘a porter with his burden to be riding in a carriage' is a thing to be ashamed of. ‘It is he himself that tempts the robbers to come:'—on whom besides can we lay the blame? (See Appendix III, i, 48.)"
L4,‘Remove your toes:'—the places (of this line and of the third and first) are all inappropriate to them.
L5,"When ‘the superior man executes his function of removing (whatever is injurious to the idea of the hexagram),' small men will of themselves retire."
L6,‘A prince with his bow shoots a falcon:'—thus he removes (the promoters of) rebellion.
hex_fin,
hex,41
image,"(The trigram representing) a mountain and beneath it that for the waters of a marsh form Sun. The superior man, in accordance with this, restrains his wrath and represses his desires."
L1,‘He suspends his own affairs and hurries away (to help the subject of the fourth line):'—the (subject of that) upper (line) mingles his wishes with his.
L2,"‘It will be advantageous for (the subject of) the second line, (undivided), to maintain his firm correctness:'—his central position gives its character to his aim."
L3,"‘One man, walking,' (finds his friend):—when three are together, doubts rise among them."
L4,‘He diminishes the ailment under which he labours:'—this is matter for joy.
L5,"‘The great good fortune attached to the fifth six, (divided),' is due to the blessing from above."
L6,‘He gives increase to others without taking from what is his own:'—he obtains his wish on a grand scale.
hex_fin,
hex,42
image,"(The trigram representing) wind and that for thunder form Yî. The superior man, in accordance with this, when he sees what is good, moves towards it; and when he sees his errors, he turns from them."
L1,"‘If the movement be greatly fortunate, no blame will be imputed to him:'—though it is not for one in so low a position to have to do with great affairs."
L2,‘Parties add to his stores:'—they come from beyond (his immediate circle) to do so.
L3,‘Increase is given by means of what is evil and difficult:'—as he has in himself (the qualities called forth).
L4,‘His advice to his prince is followed:'—his (only) object in it being the increase (of the general good).
L5,‘(The ruler) with sincere heart seeks to benefit (all below):'—there need be no question (about the result). ‘(All below) with sincere heart acknowledge (his goodness):'—he gets what he desires on a great scale.
L6,‘To his increase none will contribute:'—this expresses but half the result. ‘Many will seek to assail him:'—they will come from beyond (his immediate circle) to do so.
hex_fin,
hex,43
image,"(The trigram representing) heaven and that for the waters of a marsh mounting above it form Kwâi. The superior man, in accordance with this, bestows emolument on those below him, and dislikes allowing his gifts to accumulate (undispensed)."
L1,"‘Without (being able to) succeed, he goes forward:'—this is an error."
L2,"‘Though hostile measures be taken against him, he need not be anxious:'—he pursues the course of the due mean."
L3,‘The superior man looks bent on cutting off the culprit:'—there will in the end be no error.
L4,‘He walks slowly and with difficulty:'—he is not in the place appropriate to him.
L5,"‘If his action be in harmony with his central position, there will be no error:'—but his standing in the due mean is not yet clearly displayed."
L6,‘There is the misery of having none on whom to call:'—the end will be that he cannot continue any longer.
hex_fin,
hex,44
image,"(The trigram representing) wind and that for the sky above it form Kâu. The sovereign, in accordance with this, delivers his charges, and promulgates his announcements throughout the four quarters (of the kingdom)."
L1,‘Tied and fastened to a metal drag:'—(this describes the arrest of) the weak (line) in its advancing course.
L2,‘He has a wallet of fish:'—it is right for him not to allow (the subject of the first line) to get to the guests.
L3,‘He walks with difficulty:'—but his steps have not yet been drawn (into the course of the first line).
L4,‘The evil' indicated by there being ‘no fish in the wallet' is owing to (the subject of the line) keeping himself aloof from the people.
L5,"‘The subject of the fifth line, (undivided), keeps his brilliant qualities concealed:'—as is indicated by his central and correct position."
L6,"‘He receives others on his horns:'—he is exhausted at his greatest height, and there will be cause for regret."
hex_fin,
hex,45
image,"(The trigram representing the) earth and that for the waters of a marsh raised above it form Žhui. The superior man, in accordance with this, has his weapons of war put in good repair, to be prepared against unforeseen contingencies."
L1,‘In consequence disorder is brought into the sphere of his union:'—his mind and aim are thrown into confusion.
L2,"‘He is led forward; there will be good fortune, and freedom from error:'—(the virtue proper to) his central place has not undergone any change."
L3,"‘If he go forward, he will not err:'—in the subject of the topmost line there is humility and condescension."
L4,"‘If he be grandly fortunate, he will receive no blame:'—(this condition is necessary, because) his position is not the one proper to him."
L5,‘There is the union (of all) under him in the place of dignity:'—(but) his mind and aim have not yet been brilliantly displayed.
L6,‘He sighs and weeps:'—he does not yet rest in his topmost position.
hex_fin,
hex,46
image,"(The trigram representing) wood and that for the earth with the wood growing in the midst of it form Shăng. The superior man, in accordance with this, pays careful attention to his virtue, and accumulates the small developments of it till it is high and great."
L1,"‘He is welcomed in his advance upwards, and there will be great good fortune:'—(the subjects of) the upper (trigram) are of the same mind with him."
L2,"‘The sincerity of the subject of the second line, undivided,' affords occasion for joy."
L3,‘He advances upwards (as into) an empty city:'—he has no doubt or hesitation.
L4,‘The king employs him to prevent his offerings on mount Khî:'—such a service (of spiritual Beings) is according to (their mind).
L5,"‘He is firmly correct, and will therefore enjoy good fortune. He ascends the stairs (with all due ceremony):'—he grandly succeeds in his aim."
L6,"‘He blindly advances upwards,' and is in the highest place:—but there is decay in store for him, and he will not (preserve) his riches."
hex_fin,
hex,47
image,"(The trigram representing) a marsh, and (below it that for a defile, which has drained the other dry so that there is) no water in it, form Khwăn. The superior man, in accordance with this, will sacrifice his life in order to carry out his purpose."
L1,"‘He enters a dark valley:'—so benighted is he, and without clear vision."
L2,"‘He is straitened amidst his wine and viands:'—(but) his position is central, and there will be ground for congratulation."
L3,‘He lays hold of thorns:'—(this is suggested by the position of the line) above the strong (line).
L4,"‘He proceeds very slowly (to help the subject of the first line):'—his aim is directed to (help) that lower (line). Although he is not in his appropriate place, he and that other will (in the end) be together."
L5,‘His nose and feet are cut off:'—his aim has not yet been gained.
L6,‘He is straitened as if bound with creepers: (his spirit and action) are unsuitable.
hex_fin,
hex,48
image,"(The trigram representing) wood and above it that for water form Žing. The superior man, in accordance with this, comforts the people, and. stimulates them to mutual helpfulness."
L1,‘A well so muddy that men will not drink of it:'—this is indicated by the low position (of the line).
L2,"‘A well from which by a hole the water escapes, and flows away to the shrimps:'—(the subject of this second line has) none co-operating with him (above)."
L3,"‘The well has been cleared out, but is not used:'—(even) passers-by would be sorry for this."
L4,‘A well the lining of which is well laid. There will be no error:'—the well has been put in good repair.
L5,‘The waters from the cold spring are (freely) drunk:'—this is indicated by the central and correct position (of the line).
L6,‘The great good fortune' at the topmost place indicates the grand accomplishment (of the idea in the hexagram).
hex_fin,
hex,49
image,"(The trigram representing the waters of) a marsh and that for fire in the midst of them form Ko. The superior man, in accordance with this, regulates his (astronomical) calculations, and makes clear the seasons and times."
L1,‘He is bound with (the skin of) a yellow ox:'—he should in his circumstances be taking action.
L2,‘He makes his changes when some time has passed:'—what he does will be matter of admiration.
L3,‘The change (contemplated) has been three times fully discussed:'—to what else should attention (now) be directed?
L4,‘The good fortune consequent on changing (existing) ordinances' is due to the faith reposed in his aims.
L5,‘The great man produces his changes as the tiger does when he changes his stripes:'—their beauty becomes more brilliant.
L6,‘The superior man produces his changes as the leopard does when he changes his spots:'—their beauty becomes more elegant.
hex_fin,
hex,50
image,"(The trigram representing) wood and above it that for fire form Ting. The superior man, in accordance with this, keeps his every position correct, and maintains secure the appointment (of Heaven)."
L1,"‘The caldron is overturned, and its feet turned upwards:'—but this is not (all) contrary (to what is right)."
L2,‘There is the caldron with the things (to be cooked) in it:'—let (the subject of the line) be careful where he goes.
L3,‘There is the caldron with (the places for) its ears changed:'—(its subject) has failed in what was required of him (in his situation).
L4,‘The contents designed for the ruler's use are overturned and spilt:'—how can (the subject of the line) be trusted?
L5,‘The caldron has yellow ears:'—the central position (of the line) is taken as (a proof of) the solid (virtue of its subject).
L6,‘The rings of jade' are at the very top:—the strong and the weak meet in their due proportions.
hex_fin,
hex,51
image,"(The trigram representing) thunder, being repeated, forms Kăn. The superior man, in accordance with this, is fearful and apprehensive, cultivates (his virtue), and examines (his faults)."
L1,"‘When the (time of) movement comes, he will be found looking out with apprehension:'— that feeling of dread leads to happiness."
L2,"‘When the movement approaches, he is in a position of peril:'—(a weak line) is mounted on a strong (one)."
L3,‘He is distraught amid the startling movements going on:'—(the third line) is in a position unsuitable to it.
L4,"‘Amid the startling movements, he sinks supinely in the mud:'—the light in him has not yet been brilliantly developed."
L5,"‘He goes and comes amid the startling movements, and (always) in peril:'—full of risk are his doings."
L6,‘Amid the startling movements he is in breathless dismay:'—he has not found out (the course of) the due mean.
hex_fin,
hex,52
image,"(Two trigrams representing) a mountain, one over the other, form Kăn. The superior man, in accordance with this, does not go in his thoughts beyond the (duties of the) position in which he is."
L1,‘He keeps his toes at rest:'—he does not fail in what is correct (according to the idea of the figure).
L2,‘He cannot help him whom he follows:'(he whom he follows) will not retreat to listen to him.
L3,"‘He keeps the loins at rest:'—the danger (from his doing so) produces a glowing, heat in the heart."
L4,‘He keeps the trunk of his body at rest:'—he keeps himself free (from agitation).
L5,‘He keeps his cheek bones at rest:'—in harmony with his central position he acts correctly.
L6,‘There is good fortune through his devotedly maintaining his restfulness:'—to the end he shows himself generous and good.
hex_fin,
hex,53
image,"(The trigram representing) a mountain and above it that for a tree form Kien. The superior man, in accordance with this, attains to and maintains his extraordinary virtue, and makes the manners of the people good."
L1,‘The danger of a small officer (as represented in the first line)' is owing to no fault of his in the matter of what is right.
L2,‘They eat and drink joyfully and at ease:'—but not without having earned their food.
L3,‘A husband goes and does not return:'—he separates himself from his comrades.
L4,‘They may light on the flat branches:'—there is docility (in the line) going on to flexible penetration.
L5,‘In the end the natural issue cannot be prevented. There will be good fortune:'—(the subject of the line) will get what he desires.
L6,‘Their feathers can be used as ornaments. There will be good fortune:'—(the object and character of the subject of the line) cannot be disturbed.
hex_fin,
hex,54
image,"(The trigram representing the waters of) a marsh and over it that for thunder form Kwei Mei. The superior man, in accordance with this, having regard to the far-distant end, knows the mischief (that may be done at the beginning)."
L1,‘The younger sister is married off in a position ancillary to that of the real wife:'—it is the constant practice (for such a case).
L2,‘There will be advantage in maintaining the firm correctness of a solitary widow:'—(the subject of the line) has not changed from the constancy (proper to a wife).
L3,‘The younger sister who was to be married off is in a mean position:'—this is shown by the improprieties (indicated in the line).
L4,"(The purpose in) ‘protracting the time' is that, after waiting, the thing may be done (all the better)."
L5,"‘The sleeves of the younger sister of (king) Tî-yî, when she was married away, were not equal to those of her (half-)sister, who accompanied her:'—such was her noble character, indicated by the central position of the line."
L6,"‘(What is said in) the sixth line, (divided),about there being nothing in the basket' shows that the subject of it is carrying an empty basket."
hex_fin,
hex,55
image,"(The trigrams representing) thunder and lightning combine to form Făng. The superior man, in accordance with this, decides cases of litigation, and apportions punishments with exactness."
L1,"‘Though they are both of the same character, there will be no error:'—if the subject of this line seek to overpass that similarity, there will be calamity."
L2,"‘Let him cherish his feeling of sincere devotion, that it shall appear being put forth:'—it is by sincerity that the mind is affected."
L3,‘There is an (additional) screen of a large and thick banner:'—great things should not be attempted (in such circumstances).
L4,‘He is surrounded by a screen large and thick:'—the position of the line is inappropriate.
L5,"‘The good fortune indicated by the fifth six, (divided),‘is the congratulation (that is sure to arise)."
L6,‘He has made his house large:'—he soars (in his pride) to the heavens.
hex_fin,
hex,56
image,"(The trigram representing) a mountain and above it that for fire form Lü. The superior man, in accordance with this, exerts his wisdom and caution in the use of punishments and not allowing litigations to continue."
L1,"‘The stranger is mean and meanly occupied:'—his aim is become of the lowest character, and calamity will ensue."
L2,‘He is provided with good and trusty servants:'—he will in the end have nothing of which to complain.
L3,"‘The stranger burns his lodging-house:'—and he himself also suffers hurt thereby. When, as a stranger, he treats those below him (as the line indicates), the right relation between him and them is lost."
L4,‘The stranger is in a resting-place:'—but he has not got his proper position.
L5,‘In the end he will obtain praise and a (high) charge:'—he has reached a high place.
L6,"‘Considering that the stranger is here at the very height (of distinction),' with the spirit that possesses him, it is right he (should be emblemed by a bird) burning (its nest)."
hex_fin,
hex,57
image,"(Two trigrams representing) wind, following each other, form Sun. The superior man, in accordance with this, reiterates his orders, and secures the practice of his affairs."
L1,"‘(Now) he advances, (now) he recedes:'—his mind is perplexed."
L2,‘The good fortune springing from what borders on confusion' is due to the position (of the line) in the centre.
L3,‘The regret arising from the violent and repeated efforts to penetrate' shows the exhaustion of the will.
L4,"‘He takes game in his hunting, enough for the threefold use of it:'—he achieves merit."
L5,"‘The good fortune of (the subject of) the fifth line, undivided,' is owing to its correct position and its being in the centre."
L6,"‘The representative of penetration is beneath a couch:'—though occupying the topmost place, his powers are exhausted."
hex_fin,
hex,58
image,"(Two symbols representing) the waters of a marsh, one over the other, form Tui. The superior man, in accordance with this, (encourages) the conversation of friends and (the stimulus of) their (common) practice."
L1,‘The good fortune attached to the pleasure of (inward) harmony' arises from there being nothing in the conduct (of the subject of the line) to awaken doubt.
L2,‘The good fortune attached to the pleasure arising from (inward sincerity)' is due to the confidence felt in the object (of the subject of the line).
L3,‘The evil predicated of one's bringing around himself whatever can give pleasure' is shown by the inappropriateness of the place (of the line).
L4,"‘The joy in connexion with (the subject of) the fourth line, (undivided): is due to the happiness (which he will produce)."
L5,‘He trusts in one who would injure him:'—his place is that which is correct and appropriate.
L6,"‘The topmost line, (divided), shows the pleasure (of its subject) in leading and attracting others:'—his (virtue) is not yet brilliant."
hex_fin,
hex,59
image,"(The trigram representing) water and that for wind moving above the water form Hwân. The ancient kings, in accordance with this, presented offerings to God and established the ancestral temple."
L1,"‘The good fortune attached to the first six, divided),‘is due to the natural course (pursued by its subject)."
L2,"‘Amidst the prevailing dispersion, he hurries to his contrivance (for security):'—he gets what he desires."
L3,‘He has no regard to his own person:'—his aim is directed to what is external to himself.
L4,"‘He scatters the (different) parties (in the state), and there is great good fortune:'—brilliant and great (are his virtue and service)."
L5,"‘The accumulations of the royal (granaries) are dispersed, and there is no error:'—this is due to the correctness of the position."
L6,‘His bloody wounds are gone:'—he is far removed from the danger of injury.
hex_fin,
hex,60
image,"(The trigram representing) a lake, and above it that for water, form Kieh. The superior man, in accordance with this, constructs his (methods of) numbering and measurement, and discusses (points of) virtue and conduct."
L1,‘He does not quit the courtyard outside his door:'—he knows when he has free course and when he is obstructed.
L2,‘He does not quit the courtyard inside his gate. There will be evil:'—he loses the time (for action) to an extreme degree.
L3,"In ‘the lamentation for not observing the (proper) regulations,' who should there be to blame?"
L4,‘The progress and success of the quiet and natural (attention) to all regulations' is due to the deference which accepts the ways of (the ruler) above.
L5,‘The good fortune arising from the regulations enacted sweetly and acceptably' is due to (the line) occupying the place (of authority) and being in the centre.
L6,‘The regulations are severe and difficult. Even with firm correctness there will be evil:'—the course (indicated by the hexagram) is come to an end.
hex_fin,
hex,61
image,"(The trigram representing the waters of) a marsh and that for wind above it form Kung Fû. The superior man, in accordance with this, deliberates about cases of litigation and delays (the infliction of) death."
L1,"‘The first line, (undivided), shows its subject resting (in himself). There will be good fortune:'—no change has yet come over his purpose."
L2,‘Her young ones respond to her:'—from the (common) wish of the inmost heart.
L3,"‘Now he beats his drum, and now he leaves off:'—the position (of the line) is the appropriate one for it."
L4,"‘A horse the fellow of which disappears:'—he breaks from his (former) companions, and mounts upwards."
L5,"‘He is perfectly sincere, and links others to him in closest union:'—the place (of the line) is the correct and appropriate one."
L6,‘Chanticleer (tries to) mount to heaven:'—but how can (such an effort) continue long?
hex_fin,
hex,62
image,"(The trigram representing) a hill and that for thunder above it form Hsiâo Kwo. The superior man, in accordance with this, in his conduct exceeds in humility, in mourning exceeds in sorrow, and in his expenditure exceeds in economy."
L1,‘There is a bird flying (and ascending) till the result is evil:'—nothing can be done to avoid this issue.
L2,‘He does not attempt to reach his ruler:'—a minister should not overpass the distance (between his ruler and himself).
L3,'some in consequence find opportunity to assail and injure him. There will be evil:'—how great will it be!
L4,"‘He meets the exigency (of his situation), without exceeding (the proper course):'—(he does so), the position being inappropriate (for a strong line)."
L5,"‘There are dense clouds, but no rain:'—(the line) is in too high a place."
L6,"‘He does not meet the exigency (of his situation), and exceeds (his proper course):'—(the position indicates) the habit of domineering."
hex_fin,
hex,63
image,"(The trigram representing) fire and that for water above it form Kî Žî. The superior man, in accordance with this, thinks of evil (that may come), and beforehand guards against it."
L1,"‘He drags back his wheel:'—as we may rightly judge, there will be no mistake."
L2,‘In seven days she will find it:'—for the course pursued is that indicated by the central position (of the line).
L3,‘He was three years in subduing it:'—enough to make him weary.
L4,‘He is on his guard all the day:'—he is in doubt about something.
L5,‘The slaughtering of an ox by the neighbour in the east is not equal to (the small sacrifice of) the neighbour in the west:'—because the time (in the latter case is more important and fit).
L6,‘His head is immersed; the position is perilous:'—how could such a state continue long?
hex_fin,
hex,64
image,"(The trigram representing) water and that for fire above it form Wei Žî. The superior man, in accordance with this, carefully discriminates among (the qualities of) things, and the (different) positions they (naturally) occupy."
L1,‘His tail gets immersed:'—this is the very height of ignorance.
L2,"‘The second line, (undivided), shows good fortune arising from being firm and correct:'—it is in the central place, and the action of its subject thereby becomes correct."
L3,‘(The state of things is) not yet remedied. Advancing will lead to evil:'—the place (of the line) is not that appropriate for it.
L4,"(By firm correctness there is good fortune, and cause for repentance disappears:'—the aim (of the subject of the line) is carried into effect."
L5,‘(We see) the brightness of a superior man:—‘the diffusion of that brightness tends to good fortune.
L6,‘He drinks and gets his head immersed:'—he does not know how to submit to the (proper) regulations.
hex_fin,