hex	field	level	de_lines	en_lines	errors	notes	de_first_line
1	intro	review	5	2	0	Intro: 5 líneas DE vs 2 EN — posible bloque extra (cabecera/trigrama/editorial).	1. Kiën / DAS SCHÖPFERISCHE
2	intro	review	5	2	0	Intro: 5 líneas DE vs 2 EN — posible bloque extra (cabecera/trigrama/editorial).	2. Kun / DAS EMPFANGENDE
3	intro	review	4	1	0	Intro: 4 líneas DE vs 1 EN — posible bloque extra (cabecera/trigrama/editorial).	3. Dschun / DIE ANFANGSSCHWIERIGKEIT
4	intro	review	4	1	0	Intro: 4 líneas DE vs 1 EN — posible bloque extra (cabecera/trigrama/editorial).	4. Mong / DIE JUGENDTORHEIT
5	intro	review	4	1	0	Intro: 4 líneas DE vs 1 EN — posible bloque extra (cabecera/trigrama/editorial).	5. Sü / DAS WARTEN (DIE ERNÄHRUNG)
6	intro	review	6	3	0	Intro: 6 líneas DE vs 3 EN — posible bloque extra (cabecera/trigrama/editorial).	6. Sung / DER STREIT
7	intro	review	5	2	0	Intro: 5 líneas DE vs 2 EN — posible bloque extra (cabecera/trigrama/editorial).	7. Schï / DAS HEER
8	intro	review	4	1	0	Intro: 4 líneas DE vs 1 EN — posible bloque extra (cabecera/trigrama/editorial).	8. Bi / DAS ZUSAMMENHALTEN
9	intro	review	4	1	0	Intro: 4 líneas DE vs 1 EN — posible bloque extra (cabecera/trigrama/editorial).	9. Siau Tschu / DES KLEINEN ZÄHMUNGSKRAFT
10	intro	review	4	1	0	Intro: 4 líneas DE vs 1 EN — posible bloque extra (cabecera/trigrama/editorial).	10. Lü / DAS AUFTRETEN
11	intro	review	4	1	0	Intro: 4 líneas DE vs 1 EN — posible bloque extra (cabecera/trigrama/editorial).	11. Tai / DER FRIEDE
12	intro	review	4	1	0	Intro: 4 líneas DE vs 1 EN — posible bloque extra (cabecera/trigrama/editorial).	12. Pi / DIE STOCKUNG
13	intro	review	4	1	0	Intro: 4 líneas DE vs 1 EN — posible bloque extra (cabecera/trigrama/editorial).	13. Tung Jen / GEMEINSCHAFT MIT MENSCHEN
14	intro	review	4	1	0	Intro: 4 líneas DE vs 1 EN — posible bloque extra (cabecera/trigrama/editorial).	14. Da Yu / DER BESITZ VON GROSSEM
15	intro	review	4	1	0	Intro: 4 líneas DE vs 1 EN — posible bloque extra (cabecera/trigrama/editorial).	15. Kiën / DIE BESCHEIDENHEIT
16	intro	review	4	1	0	Intro: 4 líneas DE vs 1 EN — posible bloque extra (cabecera/trigrama/editorial).	16. Yü / DIE BEGEISTERUNG
17	intro	review	4	1	0	Intro: 4 líneas DE vs 1 EN — posible bloque extra (cabecera/trigrama/editorial).	17. Sui / DIE NACHFOLGE
18	intro	review	4	1	0	Intro: 4 líneas DE vs 1 EN — posible bloque extra (cabecera/trigrama/editorial).	18. Gu / DIE ARBEIT AM VERDORBENEN
19	intro	review	4	1	0	Intro: 4 líneas DE vs 1 EN — posible bloque extra (cabecera/trigrama/editorial).	19. Lin / DIE ANNÄHERUNG
21	intro	review	4	1	0	Intro: 4 líneas DE vs 1 EN — posible bloque extra (cabecera/trigrama/editorial).	21. Schï Ho / DAS DURCHBEISSEN
22	intro	review	4	1	0	Intro: 4 líneas DE vs 1 EN — posible bloque extra (cabecera/trigrama/editorial).	22. Bi / DIE ANMUT
23	intro	review	6	2	0	Intro: 6 líneas DE vs 2 EN — posible bloque extra (cabecera/trigrama/editorial).	23. Bo / DIE ZERSPLITTERUNG
24	intro	review	4	1	0	Intro: 4 líneas DE vs 1 EN — posible bloque extra (cabecera/trigrama/editorial).	24. Fu / DIE WIEDERKEHR (DIE WENDEZEIT)
25	intro	review	4	1	0	Intro: 4 líneas DE vs 1 EN — posible bloque extra (cabecera/trigrama/editorial).	25. Wu Wang / DIE UNSCHULD (DAS UNERWARTETE)
27	intro	review	4	1	0	Intro: 4 líneas DE vs 1 EN — posible bloque extra (cabecera/trigrama/editorial).	27. I / DIE MUNDWINKEL (DIE ERNÄHRUNG)
28	intro	review	4	1	0	Intro: 4 líneas DE vs 1 EN — posible bloque extra (cabecera/trigrama/editorial).	28. Da Go / DES GROSSEN ÜBERGEWICHT
30	intro	review	4	1	0	Intro: 4 líneas DE vs 1 EN — posible bloque extra (cabecera/trigrama/editorial).	30. Li / DAS HAFTENDE, DAS FEUER
31	intro	review	5	2	0	Intro: 5 líneas DE vs 2 EN — posible bloque extra (cabecera/trigrama/editorial).	31. Hiën / DIE EINWIRKUNG (DIE WERBUNG)
32	intro	review	5	2	0	Intro: 5 líneas DE vs 2 EN — posible bloque extra (cabecera/trigrama/editorial).	32. Hong / DIE DAUER
33	intro	review	5	2	0	Intro: 5 líneas DE vs 2 EN — posible bloque extra (cabecera/trigrama/editorial).	33. Dun / DER RÜCKZUG
34	intro	review	4	1	0	Intro: 4 líneas DE vs 1 EN — posible bloque extra (cabecera/trigrama/editorial).	34. Da Dschuang / DES GROSSEN MACHT
35	intro	review	4	1	0	Intro: 4 líneas DE vs 1 EN — posible bloque extra (cabecera/trigrama/editorial).	35. Dsin / DER FORTSCHRITT
36	intro	review	4	1	0	Intro: 4 líneas DE vs 1 EN — posible bloque extra (cabecera/trigrama/editorial).	36. Ming I / DIE VERFINSTERUNG DES LICHTS
37	intro	review	4	1	0	Intro: 4 líneas DE vs 1 EN — posible bloque extra (cabecera/trigrama/editorial).	37. Gia Jen / DIE SIPPE
38	intro	review	4	1	0	Intro: 4 líneas DE vs 1 EN — posible bloque extra (cabecera/trigrama/editorial).	38. Kui / DER GEGENSATZ
39	intro	review	4	1	0	Intro: 4 líneas DE vs 1 EN — posible bloque extra (cabecera/trigrama/editorial).	39. Giën / DAS HEMMNIS
40	intro	review	4	1	0	Intro: 4 líneas DE vs 1 EN — posible bloque extra (cabecera/trigrama/editorial).	40. Hië / DIE BEFREIUNG
41	intro	review	4	1	0	Intro: 4 líneas DE vs 1 EN — posible bloque extra (cabecera/trigrama/editorial).	41. Sun / DIE MINDERUNG
43	intro	review	4	1	0	Intro: 4 líneas DE vs 1 EN — posible bloque extra (cabecera/trigrama/editorial).	43. Guai / DER DURCHBRUCH (DIE ENTSCHLOSSENHEIT)
44	intro	review	5	2	0	Intro: 5 líneas DE vs 2 EN — posible bloque extra (cabecera/trigrama/editorial).	44. Gou / DAS ENTGEGENKOMMEN
45	intro	review	4	1	0	Intro: 4 líneas DE vs 1 EN — posible bloque extra (cabecera/trigrama/editorial).	45. TSui / DIE SAMMLUNG
46	intro	review	4	1	0	Intro: 4 líneas DE vs 1 EN — posible bloque extra (cabecera/trigrama/editorial).	46. Schong / DAS EMPORDRINGEN
47	intro	review	4	1	0	Intro: 4 líneas DE vs 1 EN — posible bloque extra (cabecera/trigrama/editorial).	47. Kun / DIE BEDRÄNGNIS
51	intro	review	4	1	0	Intro: 4 líneas DE vs 1 EN — posible bloque extra (cabecera/trigrama/editorial).	51. Dschen / DAS ERREGENDE
52	intro	review	6	2	0	Intro: 6 líneas DE vs 2 EN — posible bloque extra (cabecera/trigrama/editorial).	52. Gen / DAS STILLEHALTEN, DER BERG
53	intro	review	4	1	0	Intro: 4 líneas DE vs 1 EN — posible bloque extra (cabecera/trigrama/editorial).	53. Dsien / DIE ENTWICKLUNG
54	intro	de_book_extra	5	1	0	1 línea(s) editorial(es) en intro — válido en libro DE 1924, ausente en Baynes. | Intro: 5 líneas DE vs 1 EN — posible bloque extra (cabecera/trigrama/editorial).	54. Gui me / DAS HEIRATENDE MÄDCHEN
55	intro	review	4	1	0	Intro: 4 líneas DE vs 1 EN — posible bloque extra (cabecera/trigrama/editorial).	55. Fong / DIE FÜLLE
56	intro	review	4	1	0	Intro: 4 líneas DE vs 1 EN — posible bloque extra (cabecera/trigrama/editorial).	56. Lü / DER WANDERER
57	intro	review	5	2	0	Intro: 5 líneas DE vs 2 EN — posible bloque extra (cabecera/trigrama/editorial).	57. Sun / DAS SANFTE
58	intro	review	5	2	0	Intro: 5 líneas DE vs 2 EN — posible bloque extra (cabecera/trigrama/editorial).	58. Dui / DAS HEITERE, DER SEE
59	intro	review	4	1	0	Intro: 4 líneas DE vs 1 EN — posible bloque extra (cabecera/trigrama/editorial).	59. Huan / DIE AUFLÖSUNG
60	intro	review	5	2	0	Intro: 5 líneas DE vs 2 EN — posible bloque extra (cabecera/trigrama/editorial).	60. Dsië / DIE BESCHRÄNKUNG
61	intro	review	6	3	0	Intro: 6 líneas DE vs 3 EN — posible bloque extra (cabecera/trigrama/editorial).	61. Dschung Fu / INNERE WAHRHEIT
62	intro	review	4	1	0	Intro: 4 líneas DE vs 1 EN — posible bloque extra (cabecera/trigrama/editorial).	62. Siau Go / DES KLEINEN ÜBERGEWICHT
64	intro	review	4	1	0	Intro: 4 líneas DE vs 1 EN — posible bloque extra (cabecera/trigrama/editorial).	64. We Dsi / VOR DER VOLLENDUNG
22	judgment_comentario	de_book_extra	2	1	0	1 Bemerkung/anotación en comentario — válido en Wilhelm DE, revisar si Baynes omitió.	Die Anmut bringt Gelingen. Aber sie ist nicht das Wesentliche, die Grundlage, sondern nur die Verzierung. Daher darf sie nur sparsam, im Kleinen angewandt werden. In dem unteren Zeichen, Feuer, tritt eine weiche Linie zwischen zwei starke und macht sie schön; die starken aber sind das Wesen, die schwache Linie ist die verschönernde Form. Im oberen Zeichen, Berg, tritt die starke Linie bestimmend an die Spitze, so daß sie auch hier als ausschlaggebend in Betracht kommt. In der Natur sieht man am Himmel das starke Licht der Sonne. Auf ihr beruht das Leben der Welt. Aber dieses Starke, Wesentliche wird umgewandelt und findet anmutige Abwechslung durch Mond und Sterne. Im Menschenleben besteht die schöne Form darin, daß wie Berge feststehende, starke Ordnungen da sind, die durch die klare Schönheit gefällig gemacht werden. Die Betrachtung der Formen am Himmel verleiht die Fähigkeit, die Zeit und ihre wechselnden Anforderungen zu verstehen. Die Betrachtung der Formen im Menschenleben verleiht die Möglichkeit, die Welt zu gestalten.
30	judgment_comentario	de_book_extra	3	2	0	1 Bemerkung/anotación en comentario — válido en Wilhelm DE, revisar si Baynes omitió.	Das Dunkle haftet am Lichten und vollendet so dessen Helligkeit. Indem das Helle Licht ausstrahlt, bedarf es des Beharrlichen im Innern, damit es sich nicht restlos verbrennt, sondern dauernd leuchten kann. Alles Leuchtende in der Welt ist abhängig von etwas, an dem es haftet, damit es dauernd leuchten kann.
60	L1_comentario	de_book_extra	2	2	0	1 Bemerkung/anotación en comentario — válido en Wilhelm DE, revisar si Baynes omitió.	Oft möchte man etwas unternehmen, sieht sich aber unübersteigbaren Schranken gegenüber. Da gilt es, die Einsicht zu haben, wo man innehalten muß. Wenn man das richtig versteht und nicht über die Schranken hinausgeht, die einem gesteckt sind, dann sammelt man eine Kraft, daß man imstande ist, energisch zu handeln, wenn die Zeit dazu gekommen ist. Verschwiegenheit ist bei Vorbereitung wichtiger Dinge von prinzipieller Wichtigkeit.
61	L2_comentario	de_book_extra	4	3	0	1 Bemerkung/anotación en comentario — válido en Wilhelm DE, revisar si Baynes omitió.	Ich habe einen guten Becher. Ich will ihn mit dir teilen.
40	L3_comentario	de_book_extra	2	2	0	1 Bemerkung/anotación en comentario — válido en Wilhelm DE, revisar si Baynes omitió.	Ein Mensch ist aus ärmlichen Verhältnissen heraus in eine bequeme Lage gekommen, da er von Not befreit ist. Wenn er nun nach Art eines Emporkömmlings es sich bequem machen will, ohne doch in seinem Wesen zu den bequemen Verhältnissen zu passen, so zieht er dadurch Räuber an, und wenn er so fort macht, gerät er bestimmt in Schande.
47	L3_comentario	de_book_extra	3	2	0	1 Bemerkung/anotación en comentario — válido en Wilhelm DE, revisar si Baynes omitió.	Man geht in sein Haus und sieht nicht seine Frau. Unheil!
29	L4_comentario	de_book_extra	3	2	0	1 Bemerkung/anotación en comentario — válido en Wilhelm DE, revisar si Baynes omitió.	In Zeiten der Gefahr hören die umständlichen Formen auf. Die Hauptsache ist die wahrhaftige Gesinnung. Ein Beamter braucht für gewöhnlich, ehe er eingestellt wird, bestimmte Einführungsgeschenke und Empfehlungen. Hier ist alles aufs äußerste vereinfacht. Die Geschenke sind dürftig, ein Empfehlender ist nicht da, man stellt sich selber vor, und dennoch braucht man sich alles dessen nicht zu schämen, wenn man nur die ehrliche Absicht hat, einander zu helfen in der Gefahr.
1	L5_comentario	de_book_extra	2	2	0	1 Bemerkung/anotación en comentario — válido en Wilhelm DE, revisar si Baynes omitió.	Hier ist der große Mann in der Sphäre der Himmlischen angelangt. Sein Einfluß erstreckt sich weithin sichtbar über die ganze Welt. Jeder, der ihn sieht, kann sich selig preisen.
13	L5_comentario	de_book_extra	11	9	0	1 Bemerkung/anotación en comentario — válido en Wilhelm DE, revisar si Baynes omitió.	Nach großen Kämpfen gelingt es ihnen, sich zu treffen.
40	L6_comentario	de_book_extra	2	2	0	1 Bemerkung/anotación en comentario — válido en Wilhelm DE, revisar si Baynes omitió.	Der Habicht auf hoher Mauer ist das Bild eines machtvollen Gemeinen an hoher Stelle, der die Befreiung hindert. Er widersteht der Einwirkung durch innere Einflüsse, da er in seiner Bosheit verhärtet ist. Er muß gewaltsam beseitigt werden; dazu bedarf es der entsprechenden Mittel.
64	L6_comentario	de_book_extra	2	1	0	1 Bemerkung/anotación en comentario — válido en Wilhelm DE, revisar si Baynes omitió.	Vor der Vollendung an der Grenze der neuen Zeit ist man im vollen gegenseitigen Vertrauen mit den Seinen zusammen und verbringt die Zeit des Wartens beim Wein. Da die neue Zeit schon unmittelbar vor der Tür steht, ist das kein Makel. Nur muß man dabei auf das rechte Maß be dacht sein. Wenn man sich den Kopf im Übermut begießt, so verliert man die günstige Lage durch Unmäßigkeit.
