campo	contenido_reconciliado	contenido_pass03	jpg_paginas	contenido_pdf	au_estado	resolucion_disputa
hex	2	2	28-31	2	pendiente	coincide_zeno
nombre	DAS EMPFANGENDE	DAS EMPFANGENDE	28-31	DAS EMPFANGENDE	pendiente	coincide_zeno
chinese	坤	坤	28-31	坤	pendiente	coincide_zeno
chinese_roman	Kun	KUN	28-31	KUN	pendiente	diff_zeno
hex_font	䷁	䷁	28-31	䷁	pendiente	coincide_zeno
trigrama_arriba	oben Kun, das Empfangende, die Erde	oben Kun, das Empfangende, die Erde	28-31	oben Kun, das Empfangende, die Erde	pendiente	coincide_zeno
trigrama_abajo	unten Kun, das Empfangende, die Erde	unten Kun, das Empfangende, die Erde	28-31	unten Kun, das Empfangende, die Erde	pendiente	coincide_zeno
intro	2. Kun / DAS EMPFANGENDE\noben Kun, das Empfangende, die Erde\nunten Kun, das Empfangende, die Erde\nDas Zeichen besteht aus lauter geteilten Linien. Die geteilte Linie entspricht der schattigen, weichen, rezeptiven Urkraft des Yin. Die Eigenschaft des Zeichens ist die Hingebung, sein Bild ist die Erde. Es ist das vollkommene Gegenstück zu dem Schöpferischen, das Gegenstück, nicht der Gegensatz; eine Ergänzung keine Bekämpfung. Es ist die Natur gegenüber dem Geist, die Erde gegenüber dem Himmel, das Räumliche gegenüber dem Zeitlichen, das Weiblich-Mütterliche gegenüber dem Männlich-Väterlichen. Der Grundsatz dieses Gegenstückes findet sich  aber, auf menschliche Verhältnisse übertragen, nicht nur in den Beziehungen zwischen Mann und Weib, sondern auch von Fürst und Minister oder Vater und Sohn; ja selbst in den einzelnen Menschen ist diese Zweiheit in dem Zusammensein von Geistigem und Sinnlichem.\n\nDennoch kann von einem eigentlichen Dualismus nicht geredet werden, denn es besteht zwischen den beiden Zeichen das Verhältnis einer klaren Rangordnung. An sich ist natürlich das Empfangende ebenso wichtig wie das Schöpferische. Aber durch die Eigenschaft der Hingebung ist die Stellung dieser Urkraft dem Schöpferi schen gegenüber bezeichnet. Sie muß unter der Leitung und Anregung des Schöpferischen sein, dann wirkt sie heilvoll. Nur wenn sie aus dieser Stellung heraustritt und dem Schöpferischen ebenbürtig zur Seite treten will, wird sie böse. Daraus ergibt sich dann Gegensatz und Kampf gegen das Schöpferische, der für beide Teile unheilvoll wirkt.	​2. KUN / DAS EMPFANGENDE\noben Kun, das Empfangende, die Erde\nunten Kun, das Empfangende, die Erde\nDa\nas Zeichen besteht aus lauter geteilten Linien. Die geteilte Linie ent-\nspricht der schattigen, weichen, rezeptiven Urkraft des Yin. Die Eigen-\nschaft des Zeichens ist die Hingebung, sein Bild ist die Erde. Es ist das voll-\nkommene Gegenstück zu dem Schöpferischen, das Gegenstück, nicht der\nGegensatz; eine Ergänzung, keine Bekämpfung. Es ist die Natur gegenüber\ndem Geist, die Erde gegenüber dem Himmel, das Räumliche gegenüber dem\nZeitlichen, das Weiblich-Mütterliche gegenüber dem Männlich-Väterlichen.\nDer Grundsatz dieses Gegenstückes findet sich aber, auf menschliche Verhält-\nnisse übertragen, nicht nur in den Beziehungen zwischen Mann und Weib,\nsondern auch von Fürst und Minister oder Vater und Sohn; ja selbst in den\neinzelnen Menschen ist diese Zweiheit in dem Zusammensein von Geistigem\nund Sinnlichem.\nDennoch kann von einem eigentlichen Dualismus nicht geredet werden, denn\nes besteht zwischen den beiden Zeichen das Verhältnis einer klaren Rang-\nordnung. An sich ist natürlich das Empfangende ebenso wichtig wie das\nSchöpferische. Aber durch die Eigenschaft der Hingebung ist die Stellung\ndieser Urkraft dem Schöpferischen gegenüber bezeichnet. Sie muß unter\nder Leitung und Anregung des Schöpferischen sein, dann wirkt sie heilvoll.\nNur wenn sie aus dieser Stellung heraustritt und dem Schöpferischen eben-\nbürtig zur Seite treten will, wird sie böse. Daraus ergibt sich dann Gegen-\nsatz und Kampf gegen das Schöpferische, der für beide Teile unheilvoll wirkt.	28-31	​2. KUN / DAS EMPFANGENDE\noben Kun, das Empfangende, die Erde\nunten Kun, das Empfangende, die Erde\nDa\nas Zeichen besteht aus lauter geteilten Linien. Die geteilte Linie ent-\nspricht der schattigen, weichen, rezeptiven Urkraft des Yin. Die Eigen-\nschaft des Zeichens ist die Hingebung, sein Bild ist die Erde. Es ist das voll-\nkommene Gegenstück zu dem Schöpferischen, das Gegenstück, nicht der\nGegensatz; eine Ergänzung, keine Bekämpfung. Es ist die Natur gegenüber\ndem Geist, die Erde gegenüber dem Himmel, das Räumliche gegenüber dem\nZeitlichen, das Weiblich-Mütterliche gegenüber dem Männlich-Väterlichen.\nDer Grundsatz dieses Gegenstückes findet sich aber, auf menschliche Verhält-\nnisse übertragen, nicht nur in den Beziehungen zwischen Mann und Weib,\nsondern auch von Fürst und Minister oder Vater und Sohn; ja selbst in den\neinzelnen Menschen ist diese Zweiheit in dem Zusammensein von Geistigem\nund Sinnlichem.\nDennoch kann von einem eigentlichen Dualismus nicht geredet werden, denn\nes besteht zwischen den beiden Zeichen das Verhältnis einer klaren Rang-\nordnung. An sich ist natürlich das Empfangende ebenso wichtig wie das\nSchöpferische. Aber durch die Eigenschaft der Hingebung ist die Stellung\ndieser Urkraft dem Schöpferischen gegenüber bezeichnet. Sie muß unter\nder Leitung und Anregung des Schöpferischen sein, dann wirkt sie heilvoll.\nNur wenn sie aus dieser Stellung heraustritt und dem Schöpferischen eben-\nbürtig zur Seite treten will, wird sie böse. Daraus ergibt sich dann Gegen-\nsatz und Kampf gegen das Schöpferische, der für beide Teile unheilvoll wirkt.	pendiente	diff_zeno
judgment_oraculo	Das Empfangende wirkt erhabenes Gelingen,\nfördernd durch die Beharrlichkeit einer Stute.\nHat der Edle etwas zu unternehmen und will voraus,\nso geht er irre; doch folgt er nach, so findet er Leitung.\nFördernd ist es, im Westen und Süden Freunde zu finden,\nim Osten und Norden der Freunde zu entraten.\nRuhige Beharrlichkeit bringt Heil.	Das Empfangende wirkt erhabenes Gelingen,\nFördernd durch die Beharrlichkeit einer Stute.\nHat der Edle etwas zu unternehmen und will voraus,\nSo geht er irre; doch folgt er nach, so findet er Leitung.\nFördernd ist es, im Westen und Süden Freunde zu finden,\nIm Osten und Norden der Freunde zu entraten.\nRuhige Beharrlichkeit bringt Heil!	28-31	Das Empfangende wirkt erhabenes Gelingen,\nFördernd durch die Beharrlichkeit einer Stute.\nHat der Edle etwas zu unternehmen und will voraus,\nSo geht er irre; doch folgt er nach, so findet er Leitung.\nFördernd ist es, im Westen und Süden Freunde zu finden,\nIm Osten und Norden der Freunde zu entraten.\nRuhige Beharrlichkeit bringt Heil!	pendiente	diff_zeno
judgment_comentario	Die vier Grundrichtungen des Schöpferischen: »erhabenes Gelingen, fördernd durch Beharrlichkeit« finden sich auch als Bezeichnung des Empfangenden. Nur ist die Beharrlichkeit näher definiert als die Beharrlichkeit einer Stute. Das Empfangende bezeichnet die räumliche Wirklichkeit gegenüber der geistigen Möglichkeit des Schöpferischen. Wenn das Mögliche wirklich wird, das Geistige räumlich, so geschieht das immer durch eine einschränkende, individuelle Bestimmung. Das ist bezeichnet dadurch, daß hier dem Ausdruck »Beharrlichkeit« die nähere Bestimmung »einer Stute« beigefügt ist. Das Pferd gehört zur Erde wie der Drache zum Himmel, es symbolisiert durch seine unermüdliche Bewegung über die Ebene hin die Weiträumigkeit der Erde. Der Ausdruck »Stute« ist gewählt, weil die Stute die Kraft und Schnelligkeit des Pferdes mit der Sanftheit und Hingebung der Kuh vereinigt.\n\nDie Natur kann nur darum, weil sie dem Wesen des Schöpferischen gewachsen ist, dessen Anregungen verwirklichen. Ihr  Reichtum besteht darin, daß sie alle Wesen ernährt, und ihre Größe, daß sie alles verschönt und herrlich macht. So schafft sie Gedeihen für alles Lebendige. Während das Schöpferische die Dinge zeugt, werden sie vom Empfangenden geboren. Auf menschliche Verhältnisse übertragen, handelt es sich darum, der Lage entsprechend sich zu verhalten. Man ist nicht in selbständiger Stellung, sondern als Gehilfe tätig. Da gilt es, etwas zu leisten. Nicht führen zu wollen – dadurch verirrte man sich nur –, sondern sich führen zu lassen, ist die Aufgabe. Wenn man es versteht, dem Schicksal gegenüber sich hingebend zu verhalten, so findet man sicher eine entsprechende Leitung. Der Edle läßt sich leiten. Er geht nicht blindlings voran, sondern er entnimmt den Verhältnissen, was von ihm verlangt wird, und folgt dieser Weisung des Schicksals.\n\nDa man etwas leisten soll, bedarf man der Gehilfen und Freunde zur Zeit der Arbeit und Anstrengung, wenn die Gedanken, die ausgeführt werden sollen, schon festliegen. Die Zeit der Arbeit und Anstrengung wird durch den Westen und Süden ausgedrückt. Denn der Süden und Westen ist das Symbol für den Ort, da das Empfangende für das Schöpferische arbeitet – wie die Natur im Sommer und Herbst; wenn man da nicht alle Kräfte zusammenfaßt, wird man nicht fertig mit der Arbeit, die man zu leisten hat. Darum bedeutet hier, Freunde zu bekommen, eben daß man Leistung findet. Aber außer der Arbeit und Anstrengung gibt es auch eine Zeit des Planens und Ordnens; da bedarf's der Einsamkeit. Der Osten symbolisiert den Ort, da man die Aufträge von seinem Herrn erhält, und der Norden den Ort, da man über das Geleistete berichtet. Da gilt es allein und sachlich zu sein. In dieser heiligen Stunde muß man der Genossen entraten, damit nicht durch der Parteien Haß und Gunst die Reinheit getrübt wird.	Die vier Grundrichtungen des Schöpferischen: "erhabenes Gelingen, fördernd\ndurch Beharrlichkeit" finden sich auch als Bezeichnung des Empfangenden.\nNur ist die Beharrlichkeit näher definiert als die Beharrlichkeit einer Stute.\nDas Empfangende bezeichnet die räumliche Wirklichkeit gegenüber der\ngeistigen Möglichkeit des Schöpferischen. Wenn das Mögliche wirklich wird,\ndas Geistige räumlich, so geschieht das immer durch eine einschränkende,\nindividuelle Bestimmung. Das ist bezeichnet dadurch, daß hier dem Aus-\ndruck,Beharrlichkeit" die nähere Bestimmung "einer Stute" beigefügt ist.\nDas Pferd gehört zur Erde wie der Drache zum Himmel, es symbolisiert\ndurch seine unermüdliche Bewegung über die Ebene hin die Weiträumigkeit\nder Erde. Der Ausdruck "Stute" ist gewählt, weil die Stute die Kraft und\nSchnelligkeit des Pferdes mit der Sanftheit und Hingebung der Kuh ver-\neinigt.\nDie Natur kann nur darum, weil sie dem Wesen des Schöpferischen ge-\nwachsen ist, dessen Anregungen verwirklichen. Ihr Reichtum besteht darin,\ndaß sie alle Wesen ernährt, und ihre Größe, daß sie alles verschönt und\nherrlich macht. So schafft sie Gedeihen für alles Lebendige. Während das\nSchöpferische die Dinge zeugt, werden sie vom Empfangenden geboren¹.\nAuf menschliche Verhältnisse übertragen, handelt es sich darum, der Lage\nentsprechend sich zu verhalten. Man ist nicht in selbständiger Stellung,\nsondern als Gehilfe tätig. Da gilt es, etwas zu leisten. Nicht führen zu\nwollen, dadurch verirrte man sich nur sondern sich führen zu lassen,\nist die Aufgabe. Wenn man es versteht, dem Schicksal gegenüber sich hin-\ngebend zu verhalten, so findet man sicher eine entsprechende Leitung. Der\nEdle läßt sich leiten. Er geht nicht blindlings voran, sondern er entnimmt\nden Verhältnissen, was von ihm verlangt wird, und folgt dieser Weisung\ndes Schicksals.\n-\n-\nDa man etwas leisten soll, bedarf man der Gehilfen und Freunde zur Zeit\nder Arbeit und Anstrengung, wenn die Gedanken, die ausgeführt werden\nsollen, schon festliegen. Die Zeit der Arbeit und Anstrengung wird durch\nden Westen und Süden ausgedrückt. Denn der Süden und Westen ist das\nSymbol für den Ort, da das Empfangende für das Schöpferische arbeitet -\nwie die Natur im Sommer und Herbst; wenn man da nicht alle Kräfte\nzusammenfaßt, wird man nicht fertig mit der Arbeit, die man zu leisten hat.\n'Es findet sich hier eine ähnliche Auffassung, wie Goethe sie in den Versen ausdrückt:\nSo schauet mit bescheidenem Blick\nDer ewigen Weberin Meisterstück,\nWie ein Tritt tausend Fäden regt,\nDie Schifflein hinüber herüber schießen,\nDie Fäden sich begegnend fließen,\nEin Schlag tausend Verbindungen schlägt;\nDas hat sie nicht zusammengebettelt,\nSie hat's von Ewigkeit angezettelt,\nDamit der ewige Meistermann\nGetrost den Einschlag werfen kann.\nDarum bedeutet hier, Freunde zu bekommen, eben, daß man Leitung findet.\nAber außer der Arbeit und Anstrengung gibt es auch eine Zeit des Planens\nund Ordnens; da bedarf's der Einsamkeit. Der Osten symbolisiert den Ort,\nda man die Aufträge von seinem Herrn erhält, und der Norden den Ort, da\nman über das Geleistete berichtet. Da gilt es allein und sachlich zu sein. In\ndieser heiligen Stunde muß man der Genossen entraten, damit nicht durch\nder Parteien Haß und Gunst die Reinheit getrübt wird.	28-31	Die vier Grundrichtungen des Schöpferischen: "erhabenes Gelingen, fördernd\ndurch Beharrlichkeit" finden sich auch als Bezeichnung des Empfangenden.\nNur ist die Beharrlichkeit näher definiert als die Beharrlichkeit einer Stute.\nDas Empfangende bezeichnet die räumliche Wirklichkeit gegenüber der\ngeistigen Möglichkeit des Schöpferischen. Wenn das Mögliche wirklich wird,\ndas Geistige räumlich, so geschieht das immer durch eine einschränkende,\nindividuelle Bestimmung. Das ist bezeichnet dadurch, daß hier dem Aus-\ndruck,Beharrlichkeit" die nähere Bestimmung "einer Stute" beigefügt ist.\nDas Pferd gehört zur Erde wie der Drache zum Himmel, es symbolisiert\ndurch seine unermüdliche Bewegung über die Ebene hin die Weiträumigkeit\nder Erde. Der Ausdruck "Stute" ist gewählt, weil die Stute die Kraft und\nSchnelligkeit des Pferdes mit der Sanftheit und Hingebung der Kuh ver-\neinigt.\nDie Natur kann nur darum, weil sie dem Wesen des Schöpferischen ge-\nwachsen ist, dessen Anregungen verwirklichen. Ihr Reichtum besteht darin,\ndaß sie alle Wesen ernährt, und ihre Größe, daß sie alles verschönt und\nherrlich macht. So schafft sie Gedeihen für alles Lebendige. Während das\nSchöpferische die Dinge zeugt, werden sie vom Empfangenden geboren¹.\nAuf menschliche Verhältnisse übertragen, handelt es sich darum, der Lage\nentsprechend sich zu verhalten. Man ist nicht in selbständiger Stellung,\nsondern als Gehilfe tätig. Da gilt es, etwas zu leisten. Nicht führen zu\nwollen, dadurch verirrte man sich nur sondern sich führen zu lassen,\nist die Aufgabe. Wenn man es versteht, dem Schicksal gegenüber sich hin-\ngebend zu verhalten, so findet man sicher eine entsprechende Leitung. Der\nEdle läßt sich leiten. Er geht nicht blindlings voran, sondern er entnimmt\nden Verhältnissen, was von ihm verlangt wird, und folgt dieser Weisung\ndes Schicksals.\n-\n-\nDa man etwas leisten soll, bedarf man der Gehilfen und Freunde zur Zeit\nder Arbeit und Anstrengung, wenn die Gedanken, die ausgeführt werden\nsollen, schon festliegen. Die Zeit der Arbeit und Anstrengung wird durch\nden Westen und Süden ausgedrückt. Denn der Süden und Westen ist das\nSymbol für den Ort, da das Empfangende für das Schöpferische arbeitet -\nwie die Natur im Sommer und Herbst; wenn man da nicht alle Kräfte\nzusammenfaßt, wird man nicht fertig mit der Arbeit, die man zu leisten hat.\n'Es findet sich hier eine ähnliche Auffassung, wie Goethe sie in den Versen ausdrückt:\nSo schauet mit bescheidenem Blick\nDer ewigen Weberin Meisterstück,\nWie ein Tritt tausend Fäden regt,\nDie Schifflein hinüber herüber schießen,\nDie Fäden sich begegnend fließen,\nEin Schlag tausend Verbindungen schlägt;\nDas hat sie nicht zusammengebettelt,\nSie hat's von Ewigkeit angezettelt,\nDamit der ewige Meistermann\nGetrost den Einschlag werfen kann.\nDarum bedeutet hier, Freunde zu bekommen, eben, daß man Leitung findet.\nAber außer der Arbeit und Anstrengung gibt es auch eine Zeit des Planens\nund Ordnens; da bedarf's der Einsamkeit. Der Osten symbolisiert den Ort,\nda man die Aufträge von seinem Herrn erhält, und der Norden den Ort, da\nman über das Geleistete berichtet. Da gilt es allein und sachlich zu sein. In\ndieser heiligen Stunde muß man der Genossen entraten, damit nicht durch\nder Parteien Haß und Gunst die Reinheit getrübt wird.	pendiente	diff_zeno
image_oraculo	Der Zustand der Erde ist die empfangende Hingebung.\nSo trägt der Edle weiträumigen Wesens die Außenwelt.	Der Zustand der Erde ist die empfangende Hingebung.\nSo trägt der Edle weiträumigen Wesens die Außenwelt.	28-31	Der Zustand der Erde ist die empfangende Hingebung.\nSo trägt der Edle weiträumigen Wesens die Außenwelt.	pendiente	coincide_zeno
image_comentario	Ebenso wie es nur einen Himmel gibt, gibt es auch nur eine Erde. Während aber beim Himmel die Verdoppelung des Zeichens zeitliche Dauer bedeutet, bedeutet sie bei der Erde die räumliche Ausdehnung und Festigkeit, mit der sie alles, was da lebt und webt, trägt und erhält. Die Erde in ihrer Hingebung trägt ohne Ausnahme Gut und Böse. So macht der Edle seinen Charakter weiträumig, gediegen und tragfähig, so daß er Menschen und Dinge zu tragen und ertragen vermag.	Ebenso wie es nur einen Himmel gibt, gibt es auch nur eine Erde. Während\naber beim Himmel die Verdoppelung des Zeichens zeitliche Dauer bedeutet,\nbedeutet sie bei der Erde die räumliche Ausdehnung und Festigkeit, mit der\nsie alles, was da lebt und webt, trägt und erhält. Die Erde in ihrer Hin-\ngebung trägt ohne Ausnahme Gut und Böse. So macht der Edle seinen\nCharakter weiträumig, gediegen und tragfähig, so daß er Menschen und\nDinge zu tragen und ertragen vermag.	28-31	Ebenso wie es nur einen Himmel gibt, gibt es auch nur eine Erde. Während\naber beim Himmel die Verdoppelung des Zeichens zeitliche Dauer bedeutet,\nbedeutet sie bei der Erde die räumliche Ausdehnung und Festigkeit, mit der\nsie alles, was da lebt und webt, trägt und erhält. Die Erde in ihrer Hin-\ngebung trägt ohne Ausnahme Gut und Böse. So macht der Edle seinen\nCharakter weiträumig, gediegen und tragfähig, so daß er Menschen und\nDinge zu tragen und ertragen vermag.	pendiente	diff_zeno
L1_etiqueta	Anfangs eine Sechs bedeutet:	Anfangs eine Sechs bedeutet:	28-31	Anfangs eine Sechs bedeutet:	pendiente	coincide_zeno
L1_oraculo	Tritt man auf Reif, so naht das feste Eis.	Tritt man auf Reif, so naht das feste Eis.	28-31	Tritt man auf Reif, so naht das feste Eis.	pendiente	coincide_zeno
L1_comentario	Wie die lichte Kraft das Leben darstellt, so die schattige Kraft den Tod. Im Herbst, wenn der Frühreif fällt, ist die Kraft des Dunkels und der Kälte erst in der Entfaltung. Nach den ersten Spuren werden sich nach festen Gesetzen die Äußerungen des Todes allmählich mehren, bis schließlich der starre Winter mit seinem Eis da ist.\n\nGenau so geht es im Leben. Wenn sich gewisse, kaum merkliche Zeichen des Verfalls zeigen, so geht es weiter, bis schließlich der Untergang da ist. Aber im Leben kann man vorbeugen, wenn man die Anzeichen des Verfalls beachtet und ihnen rechtzeitig entgegentritt.	Wie die lichte Kraft das Leben darstellt, so die schattige Kraft den Tod.\nIm Herbst, wenn der Frühreif fällt, ist die Kraft des Dunkels und der Kälte\nerst in der Entfaltung. Nach den ersten Spuren werden sich nach festen\nGesetzen die Außerungen des Todes allmählich mehren, bis schließlich der\nstarre Winter mit seinem Eis da ist.\nGenau so geht es im Leben. Wenn sich gewisse, kaum merkliche Zeichen\ndes Verfalls zeigen, so geht es weiter, bis schließlich der Untergang da ist.\nAber im Leben kann man vorbeugen, wenn man die Anzeichen des Verfalls\nbeachtet und ihnen rechtzeitig entgegentritt.	28-31	Wie die lichte Kraft das Leben darstellt, so die schattige Kraft den Tod.\nIm Herbst, wenn der Frühreif fällt, ist die Kraft des Dunkels und der Kälte\nerst in der Entfaltung. Nach den ersten Spuren werden sich nach festen\nGesetzen die Außerungen des Todes allmählich mehren, bis schließlich der\nstarre Winter mit seinem Eis da ist.\nGenau so geht es im Leben. Wenn sich gewisse, kaum merkliche Zeichen\ndes Verfalls zeigen, so geht es weiter, bis schließlich der Untergang da ist.\nAber im Leben kann man vorbeugen, wenn man die Anzeichen des Verfalls\nbeachtet und ihnen rechtzeitig entgegentritt.	pendiente	diff_zeno
L2_etiqueta	Sechs auf zweitem Platz bedeutet:	O Sechs auf zweitem Platz bedeutet:	28-31	O Sechs auf zweitem Platz bedeutet:	pendiente	diff_zeno
L2_oraculo	Gerade, rechtwinklig, groß.\nOhne Absicht bleibt doch nichts ungefördert.	Gerade, rechtwinklig, groß.\nOhne Absicht bleibt doch nichts ungefördert.	28-31	Gerade, rechtwinklig, groß.\nOhne Absicht bleibt doch nichts ungefördert.	pendiente	coincide_zeno
L2_comentario	Der Himmel hat als Symbol den Kreis, die Erde das rechtwinklige Quadrat. Somit ist das Rechtwinklige eine ursprüngliche Eigenschaft der Erde. Dagegen ist die geradlinige Bewegung ursprünglich eine Eigenschaft des Schöpferischen, ebenso wie die Größe. Aber alle rechtwinkligen Dinge haben ihre Wurzel in der geraden Linie und bilden ihrerseits wieder körperliche Größen. Wenn man in der Mathematik Linien, Flächen und Körper un terscheidet, so ergeben sich aus geraden Linien rechtwinklige Flächen und aus rechtwinkligen Flächen kubische Größen. Das Empfangende richtet sich nach den Eigenschaften des Schöpferischen und macht sie zu seinen eigenen. So wird aus einer Geraden ein Quadrat und aus einem Quadrat ein Würfel. Das ist die einfache Hingebung an die Gesetze des Schöpferischen, ohne etwas davon- oder dazuzutun. Darum bedarf es für das Empfangende nicht einer besonderen Absicht oder Anstrengung, und alles wird recht.\n\nDie Natur erzeugt die Wesen ohne Falsch, das ist ihre Geradheit;  sie ist ruhig und still, das ist ihre Rechtwinkligkeit; sie weigert sich nicht, irgendein Wesen zu dulden, das ist ihre Größe. Darum erreicht sie ohne äußeres Machen oder besondere Absichten für alle das Rechte. Für den Menschen bedeutet es höchste Weisheit, in seinem Wirken so selbstverständlich zu werden wie die Natur.	Der Himmel hat als Symbol den Kreis, die Erde das rechtwinklige Quadrat.\nSomit ist das Rechtwinklige eine ursprüngliche Eigenschaft der Erde. Da-\ngegen ist die geradlinige Bewegung ursprünglich eine Eigenschaft des\nSchöpferischen, ebenso wie die Größe. Aber alle rechtwinkligen Dinge haben\nihre Wurzel in der geraden Linie und bilden ihrerseits wieder körperliche\nGrößen. Wenn man in der Mathematik Linien, Flächen und Körper unter-\nscheidet, so ergeben sich aus geraden Linien rechtwinklige Flächen und aus\nrechtwinkligen Flächen kubische Größen. Das Empfangende richtet sich nach\nden Eigenschaften des Schöpferischen und macht sie zu seinen eigenen. So\nwird aus einer Geraden ein Quadrat und aus einem Quadrat ein Würfel.\nDas ist die einfache Hingebung an die Gesetze des Schöpferischen, ohne\netwas davon- oder dazuzutun. Darum bedarf es für das Empfangende\nnicht einer besonderen Absicht oder Anstrengung, und alles wird recht.\nDie Natur erzeugt die Wesen ohne Falsch, das ist ihre Geradheit; sie ist\nruhig und still, das ist ihre Rechtwinkligkeit; sie weigert sich nicht, irgend-\nein Wesen zu dulden, das ist ihre Größe. Darum erreicht sie ohne äußeres\nMachen oder besondere Absichten für alle das Rechte. Für den Menschen\nbedeutet es höchste Weisheit, in seinem Wirken so selbstverständlich zu\nwerden wie die Natur.	28-31	Der Himmel hat als Symbol den Kreis, die Erde das rechtwinklige Quadrat.\nSomit ist das Rechtwinklige eine ursprüngliche Eigenschaft der Erde. Da-\ngegen ist die geradlinige Bewegung ursprünglich eine Eigenschaft des\nSchöpferischen, ebenso wie die Größe. Aber alle rechtwinkligen Dinge haben\nihre Wurzel in der geraden Linie und bilden ihrerseits wieder körperliche\nGrößen. Wenn man in der Mathematik Linien, Flächen und Körper unter-\nscheidet, so ergeben sich aus geraden Linien rechtwinklige Flächen und aus\nrechtwinkligen Flächen kubische Größen. Das Empfangende richtet sich nach\nden Eigenschaften des Schöpferischen und macht sie zu seinen eigenen. So\nwird aus einer Geraden ein Quadrat und aus einem Quadrat ein Würfel.\nDas ist die einfache Hingebung an die Gesetze des Schöpferischen, ohne\netwas davon- oder dazuzutun. Darum bedarf es für das Empfangende\nnicht einer besonderen Absicht oder Anstrengung, und alles wird recht.\nDie Natur erzeugt die Wesen ohne Falsch, das ist ihre Geradheit; sie ist\nruhig und still, das ist ihre Rechtwinkligkeit; sie weigert sich nicht, irgend-\nein Wesen zu dulden, das ist ihre Größe. Darum erreicht sie ohne äußeres\nMachen oder besondere Absichten für alle das Rechte. Für den Menschen\nbedeutet es höchste Weisheit, in seinem Wirken so selbstverständlich zu\nwerden wie die Natur.	pendiente	diff_zeno
L3_etiqueta	Sechs auf drittem Platz bedeutet:	Sechs auf drittem Platz bedeutet:	28-31	Sechs auf drittem Platz bedeutet:	pendiente	coincide_zeno
L3_oraculo	Verborgene Linien; man vermag beharrlich zu bleiben.\nFolgst du etwa eines Königs Diensten,\nso suche nicht Werke, aber vollende!	Verborgene Linien; man vermag beharrlich zu bleiben.\nFolgst du etwa eines Königs Diensten,\nSo suche nicht Werke, aber vollende!	28-31	Verborgene Linien; man vermag beharrlich zu bleiben.\nFolgst du etwa eines Königs Diensten,\nSo suche nicht Werke, aber vollende!	pendiente	diff_zeno
L3_comentario	Wenn man frei von Eitelkeit ist, so vermag man seine Vorzüge so zu verdecken, daß sie nicht vorzeitig die öffentliche Aufmerksamkeit auf sich ziehen. So kann man in der Stille reifen. Wenn es die Verhältnisse erfordern, so mag man auch in die Öffentlichkeit hervortreten, aber auch dann zurückhaltend. Der Weise wird den Ruhm gern andern lassen. Er sucht nicht fertige Tatsachen, die ihm als Verdienste angerechnet werden, wohl aber erhofft er wirkende Ursachen, d.h. er vollendet die Werke so, daß sie für die Zukunft fruchtbringend sind.	Wenn man frei von Eitelkeit ist, so vermag man seine Vorzüge so zu ver-\ndecken, daß sie nicht vorzeitig die öffentliche Aufmerksamkeit auf sich ziehen.\nSo kann man in der Stille reifen. Wenn es die Verhältnisse erfordern, so\nmag man auch in die Öffentlichkeit hervortreten, aber auch dann zurück-\nhaltend. Der Weise wird den Ruhm gern andern lassen. Er sucht nicht\nfertige Tatsachen, die ihm als Verdienste angerechnet werden, wohl aber\nerhofft er wirkende Ursachen, d. h. er vollendet die Werke so, daß sie für\ndie Zukunft fruchtbringend sind.	28-31	Wenn man frei von Eitelkeit ist, so vermag man seine Vorzüge so zu ver-\ndecken, daß sie nicht vorzeitig die öffentliche Aufmerksamkeit auf sich ziehen.\nSo kann man in der Stille reifen. Wenn es die Verhältnisse erfordern, so\nmag man auch in die Öffentlichkeit hervortreten, aber auch dann zurück-\nhaltend. Der Weise wird den Ruhm gern andern lassen. Er sucht nicht\nfertige Tatsachen, die ihm als Verdienste angerechnet werden, wohl aber\nerhofft er wirkende Ursachen, d. h. er vollendet die Werke so, daß sie für\ndie Zukunft fruchtbringend sind.	pendiente	diff_zeno
L4_etiqueta	Sechs auf viertem Platz bedeutet:	Sechs auf viertem Platz bedeutet:	28-31	Sechs auf viertem Platz bedeutet:	pendiente	coincide_zeno
L4_oraculo	Zugebundener Sack. Kein Makel; kein Lob.	Zugebundener Sack. Kein Makel; kein Lob.	28-31	Zugebundener Sack. Kein Makel; kein Lob.	pendiente	coincide_zeno
L4_comentario	Das Schattige öffnet sich, wenn es sich bewegt, und schließt sich, wenn es ruht. Hier ist die strengste Verschlossenheit gezeichnet. Die Zeit ist gefährlich: jedes Hervortreten führt entweder zur Feindschaft übermächtiger Gegner, wenn man sie bekämpfen wollte, oder zu mißverstandener Anerkennung, wenn man sich läßlich gäbe. So gilt es, sich zu verschließen, sei es in der Einsamkeit oder im Weltgetriebe: denn auch da kann man sich so gut verbergen, daß niemand einen kennt.	Das Schattige öffnet sich, wenn es sich bewegt, und schließt sich, wenn es\nruht. Hier ist die strengste Verschlossenheit gezeichnet. Die Zeit ist ge-\nfährlich: jedes Hervortreten führt entweder zur Feindschaft übermächtiger\nGegner, wenn man sie bekämpfen wollte, oder zu mißverstandener An-\nerkennung, wenn man sich läßlich gäbe. So gilt es, sich zu verschließen, sei\nes in der Einsamkeit oder im Weltgetriebe: denn auch da kann man sich so\ngut verbergen, daß niemand einen kennt.	28-31	Das Schattige öffnet sich, wenn es sich bewegt, und schließt sich, wenn es\nruht. Hier ist die strengste Verschlossenheit gezeichnet. Die Zeit ist ge-\nfährlich: jedes Hervortreten führt entweder zur Feindschaft übermächtiger\nGegner, wenn man sie bekämpfen wollte, oder zu mißverstandener An-\nerkennung, wenn man sich läßlich gäbe. So gilt es, sich zu verschließen, sei\nes in der Einsamkeit oder im Weltgetriebe: denn auch da kann man sich so\ngut verbergen, daß niemand einen kennt.	pendiente	diff_zeno
L5_etiqueta	Sechs auf fünftem Platz bedeutet:	Sechs auf fünftem Platz bedeutet:	28-31	Sechs auf fünftem Platz bedeutet:	pendiente	coincide_zeno
L5_oraculo	Gelbes Untergewand bringt erhabenes Heil.	Gelbes Untergewand bringt erhabenes Heil!	28-31	Gelbes Untergewand bringt erhabenes Heil!	pendiente	diff_zeno
L5_comentario	Gelb ist die Farbe der Erde und der Mitte, das Symbol des Zuverlässigen und Echten. Das Untergewand ist unauffällig verziert, das Symbol vornehmer Zurückhaltung. Wenn jemand zu wirken berufen ist an hervorragender, doch nicht unabhängiger Stellung, so beruht der wahre Erfolg auf der höchsten Diskretion. Die Echtheit und Feinheit darf nicht direkt hervortreten, sondern nur als Wirkung von innen her sich mittelbar äußern.	Gelb ist die Farbe der Erde und der Mitte, das Symbol des Zuverlässigen\nund Echten. Das Untergewand ist unauffällig verziert, das Symbol vor-\nnehmer Zurückhaltung. Wenn jemand zu wirken berufen ist an hervor-\nragender, doch nicht unabhängiger Stellung, so beruht der wahre Erfolg auf\nder höchsten Diskretion. Die Echtheit und Feinheit darf nicht direkt hervor-\ntreten, sondern nur als Wirkung von innen her sich mittelbar äußern.\n*******	28-31	Gelb ist die Farbe der Erde und der Mitte, das Symbol des Zuverlässigen\nund Echten. Das Untergewand ist unauffällig verziert, das Symbol vor-\nnehmer Zurückhaltung. Wenn jemand zu wirken berufen ist an hervor-\nragender, doch nicht unabhängiger Stellung, so beruht der wahre Erfolg auf\nder höchsten Diskretion. Die Echtheit und Feinheit darf nicht direkt hervor-\ntreten, sondern nur als Wirkung von innen her sich mittelbar äußern.\n*******	pendiente	diff_zeno
L6_etiqueta	Oben eine Sechs bedeutet:	Oben eine Sechs bedeutet:	28-31	Oben eine Sechs bedeutet:	pendiente	coincide_zeno
L6_oraculo	Drachen kämpfen auf dem Anger.\nIhr Blut ist schwarz und gelb.	Drachen kämpfen auf dem Anger.\nIhr Blut ist schwarz und gelb.	28-31	Drachen kämpfen auf dem Anger.\nIhr Blut ist schwarz und gelb.	pendiente	coincide_zeno
L6_comentario	Auf dem obersten Platz sollte das Schattige dem Lichten weichen. Will es sich auf dem Platz, der ihm nicht gebührt, behaupten, und statt zu dienen, herrschen, so zieht es sich den Zorn des Starken zu. Es kommt zum Kampf, in dem es gestürzt wird, in dem jedoch beide Teile zu Schaden kommen.\n\nDer Drache, das Symbol des Himmels, kommt herbei und bekämpft den falschen Drachen, zu dessen Bilde hier das Irdische sich gesteigert hat. Schwarzblau ist die Farbe des Himmels, Gelb ist die Farbe der Erde. Wenn also schwarzes und gelbes Blut fließt, so ist das ein Zeichen, daß durch diesen unnatürlichen Kampf beide Grundkräfte Schaden leiden.	Auf dem obersten Platz sollte das Schattige dem Lichten weichen. Will es\nsich auf dem Platz, der ihm nicht gebührt, behaupten, und statt zu dienen,\nherrschen, so zieht es sich den Zorn des Starken zu. Es kommt zum Kampf,\nin dem es gestürzt wird, in dem jedoch beide Teile zu Schaden kommen.\nDer Drache, das Symbol des Himmels, kommt herbei und bekämpft den\nfalschen Drachen, zu dessen Bilde hier das Irdische sich gesteigert hat.\nSchwarzblau ist die Farbe des Himmels, gelb ist die Farbe der Erde. Wenn\nalso schwarzes und gelbes Blut fließt, so ist das ein Zeichen, daß durch diesen\nunnatürlichen Kampf beide Grundkräfte Schaden leiden¹.	28-31	Auf dem obersten Platz sollte das Schattige dem Lichten weichen. Will es\nsich auf dem Platz, der ihm nicht gebührt, behaupten, und statt zu dienen,\nherrschen, so zieht es sich den Zorn des Starken zu. Es kommt zum Kampf,\nin dem es gestürzt wird, in dem jedoch beide Teile zu Schaden kommen.\nDer Drache, das Symbol des Himmels, kommt herbei und bekämpft den\nfalschen Drachen, zu dessen Bilde hier das Irdische sich gesteigert hat.\nSchwarzblau ist die Farbe des Himmels, gelb ist die Farbe der Erde. Wenn\nalso schwarzes und gelbes Blut fließt, so ist das ein Zeichen, daß durch diesen\nunnatürlichen Kampf beide Grundkräfte Schaden leiden¹.	pendiente	diff_zeno
yong_etiqueta	Wenn lauter Sechsen erscheinen, bedeutet das:	Wenn lauter Sechsen erscheinen, verwandelt sich das Zeichen des Empfangen-	28-31	Wenn lauter Sechsen erscheinen, verwandelt sich das Zeichen des Empfangen-	pendiente	diff_zeno
yong_oraculo	Fördernd ist dauernde Beharrlichkeit.	den in das Zeichen des Schöpferischen. Es gewinnt so die Kraft der Dauer\nim Festhalten des Rechten. Es gibt zwar keinen Fortschritt, aber auch keinen\nRückschritt.	28-31	den in das Zeichen des Schöpferischen. Es gewinnt so die Kraft der Dauer\nim Festhalten des Rechten. Es gibt zwar keinen Fortschritt, aber auch keinen\nRückschritt.	pendiente	diff_zeno
yong_comentario	Wenn lauter Sechsen erscheinen, verwandelt sich das Zeichen des Empfangenden in das Zeichen des Schöpferischen. Es gewinnt so die Kraft der Dauer im Festhalten des Rechten. Es gibt zwar keinen Fortschritt, aber auch keinen Rückschritt.		28-31		pendiente	diff_zeno
hex_fin	2					
