hex	8
nombre	Holding Together [Union]
chinese	比
trigrama_arriba	above K'AN THE ABYSMAL, WATER
trigrama_abajo	below K'UN THE RECEPTIVE, EARTH
intro	The waters on the surface of the earth flow together wherever they can, as for example in the ocean, where all the rivers come together. Symbolically this connotes holding together and the laws that regulate it. The same idea is suggested by the fact that all the lines of the hexagram except the fifth, the place of the ruler, are yielding. The yielding lines hold together because they are influenced by a man of strong will in the leading position, a man who is their center of union. Moreover, this strong and guiding personality in turn holds together with the others, finding in them the complement of his own nature.
judgment_oraculo	"HOLDING TOGETHER brings good fortune.
Inquire of the oracle once again
Whether you possess sublimity, constancy, and perseverance;
Then there is no blame.
Those who are uncertain gradually join.
Whoever comes too late
Meets with misfortune."
judgment_comentario	"What is required is that we unite with others, in order that all may complement and aid one another through holding together. But such holding together calls for a central figure around whom other persons may unite. To become a center of influence holding people together is a grave matter and fraught with great responsibility. It requires greatness of spirit, consistency, and strength. Therefore let him who wishes to gather others about him ask himself whether he is equal to the undertaking, for anyone attempting the task without a real calling for it only makes confusion worse than if no union at all had taken place.
But when there is a real rallying point, those who at first are hesitant or uncertain gradually come in of their own accord. Late-comers must suffer the consequences, for in holding together the question of the right time is also important. Relationships are formed and firmly established according to definite inner laws. Common experiences strengthen these ties, and he who comes too late to share in these basic experiences must suffer for it if, as a straggler, he finds the door locked.
If a man has recognized the necessity for union and does not feel strong enough to function as the center, it is his duty to become a member of some other organic fellowship."
image_oraculo	"On the earth is water:
The image of HOLDING TOGETHER.
Thus the kings of antiquity
Bestowed the different states as fiefs
And cultivated friendly relations
With the feudal lords."
image_comentario	Water fills up all the empty places on the earth and clings fast to it. The social organization of ancient China was based on this principle of the holding together of dependents and rulers. Water flows to unite with water, because all parts of it are subject to the same laws. So too should human society hold together through a community of interests that allows each individual to feel himself a member of a whole. The central power of a social organization must see to it that every member finds that his true interest lies in holding together with it, as was the case in the paternal relationship between king and vassals in ancient China.
L1_etiqueta	Six at the beginning means:
L1_oraculo	"Hold to him in truth and loyalty;
This is without blame.
Truth, like a full earthen bowl:
Thus in the end
Good fortune comes from without."
L1_comentario	Fundamental sincerity is the only proper basis for forming relationships. This attitude, symbolized by a full earthen bowl, in which the content is everything and the empty form nothing, shows itself not in clever words but through the strength of what lies within the speaker. This strength is so great that it has power to attract good fortune to itself from without.
L2_etiqueta	Six in the second place means:
L2_oraculo	"Hold to him inwardly.
Perseverance brings good fortune."
L2_comentario	If a person responds perseveringly and in the right way to the behests from above that summon him to action, his relations with others are intrinsic and he does not lose himself. But if a man seeks association with others as if he were an obsequious office hunter, he throws himself away. He does not follow the path of the superior man, who never loses his dignity.
L3_etiqueta	Six in the third place means:
L3_oraculo	You hold together with the wrong people.
L3_comentario	We are often among people who do not belong to our own sphere. In that case we must beware of being drawn into false intimacy through force of habit. Needless to say, this would have evil consequences. Maintaining sociability without intimacy is the only right attitude toward such people, because otherwise we should not be free to enter into relationship with people of our own kind later on.
L4_etiqueta	Six in the fourth place means:
L4_oraculo	"Hold to him outwardly also.
Perseverance brings good fortune."
L4_comentario	Here the relations with a man who is the center of union are well established. Then we may, and indeed we should, show our attachment openly. But we must remain constant and not allow ourselves to be led astray.
L5_etiqueta	Nine in the fifth place means:
L5_oraculo	"Manifestation of holding together.
In the hunt the king uses beaters on three sides only
And foregoes game that runs off in front.
The citizens need no warning.
Good fortune."
L5_comentario	"In the royal hunts of ancient China it was customary to drive up the game from three sides, but on the fourth the animals had a chance to run off. If they failed to do this they had to pass through a gate behind which the king stood ready to shoot. Only animals that entered here were shot; those that ran off in front were permitted to escape. This custom accorded with a kingly attitude; the royal hunter did not wish to turn the chase into a slaughter, but held that the kill should consist only of those animals which had so to speak voluntarily exposed themselves.
There is depicted here a ruler, or influential man, to whom people are attracted. Those who come to him he accepts, those who do not come are allowed to go their own way. He invites none, flatters none—all come of their own free will. In this way there develops a voluntary dependence among those who hold to him. They do not have to be constantly on their guard but may express their opinions openly. Police measures are not necessary, and they cleave to their ruler of their own volition. The same principle of freedom is valid for life in general. We should not woo favor from people. If a man cultivates within himself the purity and the strength that are necessary for one who is the center of a fellowship, those who are meant for him come of their own accord."
L6_etiqueta	Six at the top means:
L6_oraculo	"He finds no head for holding together.
Misfortune."
L6_comentario	The head is the beginning. If the beginning is not right, there is no hope of a right ending. If we have missed the right moment for union and go on hesitating to give complete and full devotion, we shall regret the error when it is too late.
yong_etiqueta	
yong_oraculo	
yong_comentario	
hex_fin	
hex	1
nombre	The Creative
chinese	乾
trigrama_arriba	above CH'IEN THE CREATIVE, HEAVEN
trigrama_abajo	below CH'IEN THE CREATIVE, HEAVEN
intro	"The first hexagram is made up of six unbroken lines. These unbroken lines stand for the primal power, which is lightgiving, active, strong, and of the spirit. The hexagram is consistently strong in character, and since it is without weakness, its essence is power or energy. Its image is heaven. Its energy is represented as unrestricted by any fixed conditions in space and is therefore conceived of as motion. Time is regarded as the basis of this motion. Thus the hexagram includes also the power of time and the power of persisting in time, that is, duration.
The power represented by the hexagram is to be interpreted in a dual sense—in terms of its action on the universe and of its action on the world of men. In relation to the universe, the hexagram expresses the strong, creative action of the Deity. In relation to the human world, it denotes the creative action of the holy man or sage, of the ruler or leader of men, who through his power awakens and develops their higher nature."
judgment_oraculo	"THE CREATIVE works sublime success,
Furthering through perseverance."
judgment_comentario	"According to the original meaning, the attributes [sublimity, potentiality of success, power to further, perseverance] are paired. When an individual draws this oracle, it means that success will come to him from the primal depths of the universe and that everything depends upon his seeking his happiness and that of others in one way only, that is, by perseverance in what is right.
The specific meanings of the four attributes became the subject of speculation at an early date. The Chinese word here rendered by "sublime" means literally "head," "origin," "great." This is why Confucius says in explaining it: "Great indeed is the generating power of the Creative; all beings owe their beginning to it. This power permeates all heaven." For this attribute inheres in the other three as well.
The beginning of all things lies still in the beyond in the form of ideas that have yet to become real. But the Creative furthermore has power to lend form to these archetypes of ideas. This is indicated in the word success, and the process is represented by an image from nature: "The clouds pass and the rain does its work, and all individual beings flow into their forms."
Applied to the human world, these attributes show the great man the way to notable success: "Because he sees with great clarity causes and effects, he completes the six steps at the right time and mounts toward heaven on them at the right time, as though on six dragons." The six steps are the six different positions given in the hexagram, which are represented later by the dragon symbol. Here it is shown that the way to success lies in apprehending and giving actuality to the way of the universe [tao], which, as a law running through end and beginning, brings about all phenomena in time. Thus each step attained forthwith becomes a preparation for the next. Time is no longer a hindrance but the means of making actual what is potential.
The act of creation having found expression in the two attributes sublimity and success, the work of conservation is shown to be a continuous actualization and differentiation of form. This is expressed in the two terms "furthering" (literally, "creating that which accords with the nature of a given being") and "persevering" (literally, "correct and firm"). "The course of the Creative alters and shapes beings until each attains its true, specific nature, then it keeps them in conformity with the Great Harmony. Thus does it show itself to further through perseverance."
In relation to the human sphere, this shows how the great man brings peace and security to the world through his activity in creating order: "He towers high above the multitude of beings, and all lands are united in peace."
Another line of speculation goes still further in separating the words "sublime," "success," "furthering," "perseverance," and parallels them with the four cardinal virtues in humanity. To sublimity, which, as the fundamental principle, embraces all the other attributes, it links love. To the attribute success are linked the mores, which regulate and organize the expressions of love and thereby make them successful. The attribute furthering is correlated with justice, which creates the conditions in which each receives that which accords with his being, that which is due him and which constitutes his happiness. The attribute perseverance is correlated with wisdom, which discerns the immutable laws of all that happens and can therefore bring about enduring conditions. These speculations, already broached in the commentary called Wên Yen,] later formed the bridge connecting the philosophy of the "five stages (elements) of change," as laid down in the Book of History (Shu Ching) with the philosophy of the Book of Changes, which is based solely on the polarity of positive and negative principles. In the course of time this combination of the two systems of thought opened the way for an increasingly intricate number symbolism."
image_oraculo	"The movement of heaven is full of power.
Thus the superior man makes himself strong and untiring."
image_comentario	"Since there is only one heaven, the doubling of the trigram Ch'ien, of which heaven is the image, indicates the movement of heaven. One complete revolution of heaven makes a day, and the repetition of the trigram means that each day is followed by another. This creates the idea of time. Since it is the same heaven moving with untiring power, there is also created the idea of duration both in and beyond time, a movement that never stops nor slackens, just as one day follows another in an unending course. This duration in time is the image of the power inherent in the Creative.
With this image as a model, the sage learns how best to develop himself so that his influence may endure. He must make himself strong in every way, by consciously casting out all that is inferior and degrading. Thus he attains that tirelessness which depends upon consciously limiting the fields of his activity."
L1_etiqueta	Nine at the beginning means:
L1_oraculo	Hidden dragon. Do not act.
L1_comentario	"In China the dragon has a meaning altogether different from that given it in the Western world. The dragon is a symbol of the electrically charged, dynamic, arousing force that manifests itself in the thunderstorm. In winter this energy withdraws into the earth; in the early summer it becomes active again, appearing in the sky as thunder and lightning. As a result the creative forces on earth begin to stir again.
Here this creative force is still hidden beneath the earth and therefore has no effect. In terms of human affairs, this symbolizes a great man who is still unrecognized. Nonetheless he remains true to himself. He does not allow himself to be influenced by outward success or failure, but confident in his strength, he bides his time. Hence it is wise for the man who consults the oracle and draws this line to wait in the calm strength of patience. The time will fulfill itself. One need not fear lest strong will should not prevail; the main thing is not to expend one's powers prematurely in an attempt to obtain by force something for which the time is not yet ripe."
L2_etiqueta	Nine in the second place means:
L2_oraculo	"Dragon appearing in the field.
It furthers one to see the great man."
L2_comentario	Here the effects of the light-giving power begin to manifest themselves. In terms of human affairs, this means that the great man makes his appearance in his chosen field of activity. As yet he has no commanding position but is still with his peers. However, what distinguishes him from the others is his seriousness of purpose, his unqualified reliability, and the influence he exerts on his environment without conscious effort. Such a man is destined to gain great influence and to set the world in order. Therefore it is favorable to see him.
L3_etiqueta	Nine in the third place means:
L3_oraculo	"All day long the superior man is creatively active.
At nightfall his mind is still beset with cares.
Danger. No blame."
L3_comentario	A sphere of influence opens up for the great man. His fame begins to spread. The masses flock to him. His inner power is adequate to the increased outer activity. There are all sorts of things to be done, and when others are at rest in the evening, plans and anxieties press in upon him. But danger lurks here at the place of transition from lowliness to the heights. Many a great man has been ruined because the masses flocked to him and swept him into their course. Ambition has destroyed his integrity. However, true greatness is not impaired by temptations. He who remains in touch with the time that is dawning, and with its demands, is prudent enough to avoid all pitfalls, and remains blameless.
L4_etiqueta	Nine in the fourth place means:
L4_oraculo	"Wavering flight over the depths.
No blame."
L4_comentario	A place of transition has been reached, and free choice can enter in. A twofold possibility is presented to the great man: he can soar to the heights and play an important part in the world, or he can withdraw into solitude and develop himself. He can go the way of the hero or that of the holy sage who seeks seclusion. There is no general law to say which of the two is the right way. Each one in this situation must make a free choice according to the inner law of his being. If the individual acts consistently and is true to himself, he will find the way that is appropriate for him. This way is right for him and without blame.
L5_etiqueta	Nine in the fifth place means:
L5_oraculo	"Flying dragon in the heavens.
It furthers one to see the great man."
L5_comentario	Here the great man has attained the sphere of the heavenly beings. His influence spreads and becomes visible throughout the whole world. Everyone who sees him may count himself blessed. Confucius says about this line: "Things that accord in tone vibrate together. Things that have affinity in their inmost natures seek one another. Water flows to what is wet, fire turns to what is dry. Clouds (the breath of heaven) follow the dragon, wind (the breath of earth) follows the tiger. Thus the sage arises, and all creatures follow him with their eyes. What is born of heaven feels related to what is above. What is born of earth feels related to what is below. Each follows its kind."
L6_etiqueta	Nine at the top means:
L6_oraculo	Arrogant dragon will have cause to repent.
L6_comentario	When a man seeks to climb so high that he loses touch with the rest of mankind, he becomes isolated, and this necessarily leads to failure. This line warns against titanic aspirations that exceed one's power. A precipitous fall would follow.
yong_etiqueta	When all the lines are nines, it means:
yong_oraculo	"There appears a flight of dragons without heads.
Good fortune."
yong_comentario	When all the lines are nines, it means that the whole hexagram is in motion and changes into the hexagram K'un, THE RECEPTIVE, whose character is devotion. The strength of the Creative and the mildness of the Receptive unite. Strength is indicated by the flight of dragons, mildness by the fact that their heads are hidden. This means that mildness in action joined to strength of decision brings good fortune.
hex_fin	
hex	2
nombre	The Receptive
chinese	坤
trigrama_arriba	above K'UN THE RECEPTIVE, EARTH
trigrama_abajo	below K'UN THE RECEPTIVE, EARTH
intro	"This hexagram is made up of broken lines only. The broken line represents the dark, yielding, receptive primal power of yin. The attribute of the hexagram is devotion; its image is the earth. It is the perfect complement of THE CREATIVE—the complement, not the opposite, for the Receptive does not combat the Creative but completes it. It represents nature in contrast to spirit, earth in contrast to heaven, space as against time, the female-maternal as against the male-paternal. However, as applied to human affairs, the principle of this complementary relationship is found not only in the relation between man and woman, but also in that between prince and minister and between father and son. Indeed, even in the individual this duality appears in the coexistence of the spiritual world and the world of the senses.
But strictly speaking there is no real dualism here, because there is a clearly defined hierarchic relationship between the two principles. In itself of course the Receptive is just as important as the Creative, but the attribute of devotion defines the place occupied by this primal power in relation to the Creative. For the Receptive must be activated and led by the Creative; then it is productive of good. Only when it abandons this position and tries to stand as an equal side by side with the Creative, does it become evil. The result then is opposition to and struggle against the Creative, which is productive of evil to both."
judgment_oraculo	"THE RECEPTIVE brings about sublime success,
Furthering through the perseverance of a mare.
If the superior man undertakes something and tries to lead,
He goes astray;
But if he follows, he finds guidance.
It is favorable to find friends in the west and south,
To forego friends in the east and north.
Quiet perseverance brings good fortune."
judgment_comentario	"The four fundamental aspects of the Creative—"sublime success, furthering through perseverance"—are also attributed to the Receptive. Here, however, the perseverance is more closely defined: it is that of a mare. The Receptive connotes spatial reality in contrast to the spiritual potentiality of the Creative. The potential becomes real and the spiritual becomes spatial through a specifically qualifying definition. Thus the qualification, "of a mare," is here added to the idea of perseverance. The horse belongs to earth just as the dragon belongs to heaven. Its tireless roaming over the plains is taken as a symbol of the vast expanse of the earth. This is the symbol chosen because the mare combines the strength and swiftness of the horse with the gentleness and devotion of the cow.
Only because nature in its myriad forms corresponds with the myriad impulses of the Creative can it make these impulses real. Nature's richness lies in its power to nourish all living things; its greatness lies in its power to give them beauty and splendor. Thus it prospers all that lives. It is the Creative that begets things, but they are brought to birth by the Receptive. Applied to human affairs, therefore, what the hexagram indicates is action in conformity with the situation. The person in question is not in an independent position, but is acting as an assistant. This means that he must achieve something. It is not his task to try to lead-that would only make him lose the way-but to let himself be led. If he knows how to meet fate with an attitude of acceptance, he is sure to find the right guidance. The superior man lets himself be guided; he does not go ahead blindly, but learns from the situation what is demanded of him and then follows this intimation from fate.
Since there is something to be accomplished, we need friends and helpers in the hour of toil and effort, once the ideas to be realized are firmly set. The time of toil and effort is indicated by the west and the south, for west and south symbolize the place where the Receptive works for the Creative, as nature does in summer and autumn. If in that situation one does not mobilize all one's powers, the work to be accomplished will not be done. Hence to find friends there means to find guidance. But in addition to the time of toil and effort, there is also a time of planning, and for this we need solitude. The east symbolizes the place where a man receives orders from his master, and the north the place where he reports on what he has done. At that time he must be alone and objective. In this sacred hour he must do without companions, so that the purity of the moment may not be spoiled by factional hates and favoritism."
image_oraculo	"The earth's condition is receptive devotion.
Thus the superior man who has breadth of character
Carries the outer world."
image_comentario	Just as there is only one heaven, so too there is only one earth. In the hexagram of heaven the doubling of the trigram implies duration in time, but in the hexagram of earth the doubling connotes the solidity and extension in space by virtue of which the earth is able to carry and preserve all things that live and move upon it. The earth in its devotion carries all things, good and evil, without exception. In the same way the superior man gives to his character breadth, purity, and sustaining power, so that he is able both to support and to bear with people and things.
L1_etiqueta	Six at the beginning means:
L1_oraculo	"When there is hoarfrost underfoot,
Solid ice is not far off."
L1_comentario	"Just as the light-giving power represents life, so the dark power, the shadowy, represents death. When the first hoarfrost comes in the autumn, the power of darkness and cold is just at its beginning. After these first warnings, signs of death will gradually multiply, until, in obedience to immutable laws, stark winter with its ice is here.
In life it is the same. After certain scarcely noticeable signs of decay have appeared, they go on increasing until final dissolution comes. But in life precautions can be taken by heeding the first signs of decay and checking them in time."
L2_etiqueta	Six in the second place means:
L2_oraculo	"Straight, square, great.
Without purpose,
Yet nothing remains unfurthered."
L2_comentario	"The symbol of heaven is the circle, and that of earth is the square. Thus squareness is a primary quality of the earth. On the other hand, movement in a straight line, as well as magnitude, is a primary quality of the Creative. But all square things have their origin in a straight line and in turn form solid bodies. In mathematics, when we discriminate between lines, planes, and solids, we find that rectangular planes result from straight lines, and cubic magnitudes from rectangular planes. The Receptive accommodates itself to the qualities of the Creative and makes them its own. Thus a square develops out of a straight line and a cube out of a square. This is compliance with the laws of the Creative; nothing is taken away, nothing added. Therefore the Receptive has no need of a special purpose of its own, nor of any effort; yet everything turns out as it should.
Nature creates all beings without erring: this is its straightness. It is calm and still: this is its foursquareness. It tolerates all creatures equally: this is its greatness. Therefore it attains what is right for all without artifice or special intentions. Man achieves the height of wisdom when all that he does is as self-evident as what nature does."
L3_etiqueta	Six in the third place means:
L3_oraculo	"Hidden lines.
One is able to remain persevering.
If by chance you are in the service of a king,
Seek not works, but bring to completion."
L3_comentario	If a man is free of vanity he is able to conceal his abilities and keep them from attracting attention too soon; thus he can mature undisturbed. If conditions demand it, he can also enter public life, but that too he does with restraint. The wise man gladly leaves fame to others. He does not seek to have credited to himself things that stand accomplished, but hopes to release active forces; that is, he completes his works in such a manner that they may bear fruit for the future.
L4_etiqueta	Six in the fourth place means:
L4_oraculo	A tied-up sack. No blame, no praise.
L4_comentario	The dark element opens when it moves and closes when at rest. The strictest reticence is indicated here. The time is dangerous, because any degree of prominence leads either to the enmity of irresistible antagonists if one challenges them or to misconceived recognition if one is complaisant. Therefore a man ought to maintain reserve, be it in solitude or in the turmoil of the world, for there too he can hide himself so well that no one knows him.
L5_etiqueta	Six in the fifth place means:
L5_oraculo	A yellow lower garment brings supreme good fortune.
L5_comentario	Yellow is the color of the earth and of the middle; it is the symbol of that which is reliable and genuine. The lower garment is inconspicuously decorated—the symbol of aristocratic reserve. When anyone is called upon to work in a prominent but not independent position, true success depends on the utmost discretion. A man's genuineness and refinement should not reveal themselves directly; they should express themselves only indirectly as an effect from within.
L6_etiqueta	Six at the top means:
L6_oraculo	"Dragons fight in the meadow.
Their blood is black and yellow."
L6_comentario	In the top place the dark element should yield to the light. If it attempts to maintain a position to which it is not entitled and to rule instead of serving, it draws down upon itself the anger of the strong. A struggle ensues in which it is overthrown, with injury, however, to both sides. The dragon, symbol of heaven, comes to fight the false dragon that symbolizes the inflation of the earth principle. Midnight blue is the color of heaven; yellow is the color of the earth. Therefore, when black and yellow blood flow, it is a sign that in this unnatural contest both primal powers suffer injury.
yong_etiqueta	When all the lines are sixes, it means:
yong_oraculo	Lasting perseverance furthers.
yong_comentario	When nothing but sixes appears, the hexagram of THE RECEPTIVE changes into the hexagram of THE CREATIVE. By holding fast to what is right, it gains the power of enduring. There is indeed no advance, but neither is there retrogression.
hex_fin	
hex	3
nombre	Difficulty at the Beginning
chinese	屯
trigrama_arriba	above K'AN THE ABYSMAL, WATER
trigrama_abajo	below CHêN THE AROUSING, THUNDER
intro	The name of the hexagram, Chun, really connotes a blade of grass pushing against an obstacle as it sprouts out of the earth—hence the meaning, "difficulty at the beginning." The hexagram indicates the way in which heaven and earth bring forth individual beings. It is their first meeting, which is beset with difficulties. The lower trigram Chên is the Arousing; its motion is upward and its image is thunder. The upper trigram K'an stands for the Abysmal, the dangerous. Its motion is downward and its image is rain. The situation points to teeming, chaotic profusion; thunder and rain fill the air. But the chaos clears up. While the Abysmal sinks, the upward movement eventually passes beyond the danger. A thunderstorm brings release from tension, and all things breathe freely again.
judgment_oraculo	"Difficulty at the Beginning works supreme success,
Furthering through perseverance.
Nothing should be undertaken.
It furthers one to appoint helpers."
judgment_comentario	Times of growth are beset with difficulties. They resemble a first birth. But these difficulties arise from the very profusion of all that is struggling to attain form. Everything is in motion: therefore if one perseveres there is a prospect of great success, in spite of the existing danger. When it is a man's fate to undertake such new beginnings, everything is still unformed, dark. Hence he must hold back, because any premature move might bring disaster. Likewise, it is very important not to remain alone; in order to overcome the chaos he needs helpers. This is not to say, however, that he himself should look on passively at what is happening. He must lend his hand and participate with inspiration and guidance.
image_oraculo	"Clouds and thunder:
The image of Difficulty at the Beginning.
Thus the superior man
Brings order out of confusion."
image_comentario	Clouds and thunder are represented by definite decorative lines; this means that in the chaos of difficulty at the beginning, order is already implicit. So too the superior man has to arrange and organize the inchoate profusion of such times of beginning, just as one sorts out silk threads from a knotted tangle and binds them into skeins. In order to find one's place in the infinity of being, one must be able both to separate and to unite.
L1_etiqueta	Nine at the beginning means:
L1_oraculo	"Hesitation and hindrance.
It furthers one to remain persevering.
It furthers one to appoint helpers."
L1_comentario	If a person encounters a hindrance at the beginning of an enterprise, he must not try to force advance but must pause and take thought. However, nothing should put him off his course; he must persevere and constantly keep the goal in sight. It is important to seek out the right assistants, but he can find them only if he avoids arrogance and associates with his fellows in a spirit of humility. Only then will he attract those with whose help he can combat the difficulties.
L2_etiqueta	Six in the second place means:
L2_oraculo	"Difficulties pile up.
Horse and wagon part.
He is not a robber;
He wants to woo when the time comes.
The maiden is chaste,
She does not pledge herself.
Ten years—then she pledges herself."
L2_comentario	"We find ourselves beset by difficulties and hindrances. Suddenly there is a turn of affairs, as if someone were coming up with a horse and wagon and unhitching them. This event comes so unexpectedly that we assume the newcomer to be a robber. Gradually it becomes clear that he has no evil intentions but seeks to be friendly and to offer help. But this offer is not to be accepted, because it does not come from the right quarter. We must wait until the time is fulfilled; ten years is a fulfilled cycle of time. Then normal conditions return of themselves, and we can join forces with the friend intended for us.
Using the image of a betrothed girl who remains true to her lover in face of grave conflicts, the hexagram gives counsel for a special situation. When in times of difficulty a hindrance is encountered and unexpected relief is offered from a source unrelated to us, we must be careful and not take upon ourselves any obligations entailed by such help; otherwise our freedom of decision is impaired. If we bide our time, things will quiet down again, and we shall attain what we have hoped for."
L3_etiqueta	Six in the third place means:
L3_oraculo	"Whoever hunts deer without the forester
Only loses his way in the forest.
The superior man understands the signs of the time
And prefers to desist.
To go on brings humiliation."
L3_comentario	If a man tries to hunt in a strange forest and has no guide, he loses his way. When he finds himself in difficulties he must not try to steal out of them unthinkingly and without guidance. Fate cannot be duped; premature effort, without the necessary guidance, ends in failure and disgrace. Therefore the superior man, discerning the seeds of coming events, prefers to renounce a wish rather than to provoke failure and humiliation by trying to force its fulfillment.
L4_etiqueta	Six in the fourth place means:
L4_oraculo	"Horse and wagon part.
Strive for union.
To go brings good fortune.
Everything acts to further."
L4_comentario	We are in a situation in which it is our duty to act, but we lack sufficient power. However, an opportunity to make connections offers itself. It must be seized. Neither false pride nor false reserve should deter us. Bringing oneself to take the first step, even when it involves a certain degree of self-abnegation, is a sign of inner clarity. To accept help in a difficult situation is not a disgrace. If the right helper is found, all goes well.
L5_etiqueta	Nine in the fifth place means:
L5_oraculo	"Difficulties in blessing.
A little perseverance brings good fortune.
Great perseverance brings misfortune."
L5_comentario	An individual is in a position in which he cannot so express his good intentions that they will actually take shape and be understood. Other people interpose and distort everything he does. He should then be cautious and proceed step by step. He must not try to force the consummation of a great undertaking, because success is possible only when general confidence already prevails. It is only through faithful and conscientious work, unobtrusively carried on, that the situation gradually clears up and the hindrance disappears.
L6_etiqueta	Six at the top means:
L6_oraculo	"Horse and wagon part.
Bloody tears flow."
L6_comentario	The difficulties at the beginning are too great for some persons. They get stuck and never find their way out; they fold their hands and give up the struggle. Such resignation is the saddest of all things. Therefore Confucius says of this line: "Bloody tears flow: one should not persist in this."
yong_etiqueta	
yong_oraculo	
yong_comentario	
hex_fin	
